sku,base_image,base_image_label,small_image,small_image_label,thumbnail_image,thumbnail_image_label
I0042960,images/I0042960.jpg,I0042960,images/I0042960.jpg,I0042960,images/I0042960.jpg,I0042960
I0042961,images/I0042961.jpg,I0042961,images/I0042961.jpg,I0042961,images/I0042961.jpg,I0042961
I0042962,images/I0042962.jpg,I0042962,images/I0042962.jpg,I0042962,images/I0042962.jpg,I0042962
I0042963,images/I0042963.jpg,I0042963,images/I0042963.jpg,I0042963,images/I0042963.jpg,I0042963
I0042964,images/I0042964.jpg,I0042964,images/I0042964.jpg,I0042964,images/I0042964.jpg,I0042964
I0042965,images/I0042965.jpg,I0042965,images/I0042965.jpg,I0042965,images/I0042965.jpg,I0042965
I0042966,images/I0042966.jpg,I0042966,images/I0042966.jpg,I0042966,images/I0042966.jpg,I0042966
I0042967,images/I0042967.jpg,I0042967,images/I0042967.jpg,I0042967,images/I0042967.jpg,I0042967
I0042968,images/I0042968.jpg,I0042968,images/I0042968.jpg,I0042968,images/I0042968.jpg,I0042968
I0042969,images/I0042969.jpg,I0042969,images/I0042969.jpg,I0042969,images/I0042969.jpg,I0042969
I0042970,images/I0042970.jpg,I0042970,images/I0042970.jpg,I0042970,images/I0042970.jpg,I0042970
I0042971,images/I0042971.jpg,I0042971,images/I0042971.jpg,I0042971,images/I0042971.jpg,I0042971
I0042972,images/I0042972.jpg,I0042972,images/I0042972.jpg,I0042972,images/I0042972.jpg,I0042972
I0042973,images/I0042973.jpg,I0042973,images/I0042973.jpg,I0042973,images/I0042973.jpg,I0042973
I0042974,images/I0042974.jpg,I0042974,images/I0042974.jpg,I0042974,images/I0042974.jpg,I0042974
I0042975,images/I0042975.jpg,I0042975,images/I0042975.jpg,I0042975,images/I0042975.jpg,I0042975
I0042976,images/I0042976.jpg,I0042976,images/I0042976.jpg,I0042976,images/I0042976.jpg,I0042976
I0042977,images/I0042977.jpg,I0042977,images/I0042977.jpg,I0042977,images/I0042977.jpg,I0042977
I0042978,images/I0042978.jpg,I0042978,images/I0042978.jpg,I0042978,images/I0042978.jpg,I0042978
I0042979,images/I0042979.jpg,I0042979,images/I0042979.jpg,I0042979,images/I0042979.jpg,I0042979
I0042980,images/I0042980.jpg,I0042980,images/I0042980.jpg,I0042980,images/I0042980.jpg,I0042980
I0042981,images/I0042981.jpg,I0042981,images/I0042981.jpg,I0042981,images/I0042981.jpg,I0042981
I0042982,images/I0042982.jpg,I0042982,images/I0042982.jpg,I0042982,images/I0042982.jpg,I0042982
I0042983,images/I0042983.jpg,I0042983,images/I0042983.jpg,I0042983,images/I0042983.jpg,I0042983
I0042984,images/I0042984.jpg,I0042984,images/I0042984.jpg,I0042984,images/I0042984.jpg,I0042984
I0042987,images/I0042987.jpg,I0042987,images/I0042987.jpg,I0042987,images/I0042987.jpg,I0042987
I0042989,images/I0042989.jpg,I0042989,images/I0042989.jpg,I0042989,images/I0042989.jpg,I0042989
I0042990,images/I0042990.jpg,I0042990,images/I0042990.jpg,I0042990,images/I0042990.jpg,I0042990
I0042992,images/I0042992.jpg,I0042992,images/I0042992.jpg,I0042992,images/I0042992.jpg,I0042992
I0042993,images/I0042993.jpg,I0042993,images/I0042993.jpg,I0042993,images/I0042993.jpg,I0042993
I0042994,images/I0042994.jpg,I0042994,images/I0042994.jpg,I0042994,images/I0042994.jpg,I0042994
I0042995,images/I0042995.jpg,I0042995,images/I0042995.jpg,I0042995,images/I0042995.jpg,I0042995
I0042996,images/I0042996.jpg,I0042996,images/I0042996.jpg,I0042996,images/I0042996.jpg,I0042996
I0042997,images/I0042997.jpg,I0042997,images/I0042997.jpg,I0042997,images/I0042997.jpg,I0042997
I0042998,images/I0042998.jpg,I0042998,images/I0042998.jpg,I0042998,images/I0042998.jpg,I0042998
I0043000,images/I0043000.jpg,I0043000,images/I0043000.jpg,I0043000,images/I0043000.jpg,I0043000
I0043001,images/I0043001.jpg,I0043001,images/I0043001.jpg,I0043001,images/I0043001.jpg,I0043001
I0043002,images/I0043002.jpg,I0043002,images/I0043002.jpg,I0043002,images/I0043002.jpg,I0043002
I0043003,images/I0043003.jpg,I0043003,images/I0043003.jpg,I0043003,images/I0043003.jpg,I0043003
I0043004,images/I0043004.jpg,I0043004,images/I0043004.jpg,I0043004,images/I0043004.jpg,I0043004
I0043005,images/I0043005.jpg,I0043005,images/I0043005.jpg,I0043005,images/I0043005.jpg,I0043005
I0043006,images/I0043006.jpg,I0043006,images/I0043006.jpg,I0043006,images/I0043006.jpg,I0043006
I0043007,images/I0043007.jpg,I0043007,images/I0043007.jpg,I0043007,images/I0043007.jpg,I0043007
I0043008,images/I0043008.jpg,I0043008,images/I0043008.jpg,I0043008,images/I0043008.jpg,I0043008
I0043009,images/I0043009.jpg,I0043009,images/I0043009.jpg,I0043009,images/I0043009.jpg,I0043009
I0043010,images/I0043010.jpg,I0043010,images/I0043010.jpg,I0043010,images/I0043010.jpg,I0043010
I0043011,images/I0043011.jpg,I0043011,images/I0043011.jpg,I0043011,images/I0043011.jpg,I0043011
I0043012,images/I0043012.jpg,I0043012,images/I0043012.jpg,I0043012,images/I0043012.jpg,I0043012
I0043013,images/I0043013.jpg,I0043013,images/I0043013.jpg,I0043013,images/I0043013.jpg,I0043013
I0043014,images/I0043014.jpg,I0043014,images/I0043014.jpg,I0043014,images/I0043014.jpg,I0043014
I0043015,images/I0043015.jpg,I0043015,images/I0043015.jpg,I0043015,images/I0043015.jpg,I0043015
I0043016,images/I0043016.jpg,I0043016,images/I0043016.jpg,I0043016,images/I0043016.jpg,I0043016
I0043017,images/I0043017.jpg,I0043017,images/I0043017.jpg,I0043017,images/I0043017.jpg,I0043017
I0043018,images/I0043018.jpg,I0043018,images/I0043018.jpg,I0043018,images/I0043018.jpg,I0043018
I0043019,images/I0043019.jpg,I0043019,images/I0043019.jpg,I0043019,images/I0043019.jpg,I0043019
I0043020,images/I0043020.jpg,I0043020,images/I0043020.jpg,I0043020,images/I0043020.jpg,I0043020
I0043021,images/I0043021.jpg,I0043021,images/I0043021.jpg,I0043021,images/I0043021.jpg,I0043021
I0043022,images/I0043022.jpg,I0043022,images/I0043022.jpg,I0043022,images/I0043022.jpg,I0043022
I0043023,images/I0043023.jpg,I0043023,images/I0043023.jpg,I0043023,images/I0043023.jpg,I0043023
I0043024,images/I0043024.jpg,I0043024,images/I0043024.jpg,I0043024,images/I0043024.jpg,I0043024
I0043025,images/I0043025.jpg,I0043025,images/I0043025.jpg,I0043025,images/I0043025.jpg,I0043025
I0043026,images/I0043026.jpg,I0043026,images/I0043026.jpg,I0043026,images/I0043026.jpg,I0043026
I0043027,images/I0043027.jpg,I0043027,images/I0043027.jpg,I0043027,images/I0043027.jpg,I0043027
I0043028,images/I0043028.jpg,I0043028,images/I0043028.jpg,I0043028,images/I0043028.jpg,I0043028
I0043029,images/I0043029.jpg,I0043029,images/I0043029.jpg,I0043029,images/I0043029.jpg,I0043029
I0043030,images/I0043030.jpg,I0043030,images/I0043030.jpg,I0043030,images/I0043030.jpg,I0043030
I0043031,images/I0043031.jpg,I0043031,images/I0043031.jpg,I0043031,images/I0043031.jpg,I0043031
I0043032,images/I0043032.jpg,I0043032,images/I0043032.jpg,I0043032,images/I0043032.jpg,I0043032
I0043033,images/I0043033.jpg,I0043033,images/I0043033.jpg,I0043033,images/I0043033.jpg,I0043033
I0043034,images/I0043034.jpg,I0043034,images/I0043034.jpg,I0043034,images/I0043034.jpg,I0043034
I0043035,images/I0043035.jpg,I0043035,images/I0043035.jpg,I0043035,images/I0043035.jpg,I0043035
I0043036,images/I0043036.jpg,I0043036,images/I0043036.jpg,I0043036,images/I0043036.jpg,I0043036
I0043037,images/I0043037.jpg,I0043037,images/I0043037.jpg,I0043037,images/I0043037.jpg,I0043037
I0043038,images/I0043038.jpg,I0043038,images/I0043038.jpg,I0043038,images/I0043038.jpg,I0043038
I0043039,images/I0043039.jpg,I0043039,images/I0043039.jpg,I0043039,images/I0043039.jpg,I0043039
I0043040,images/I0043040.jpg,I0043040,images/I0043040.jpg,I0043040,images/I0043040.jpg,I0043040
I0043041,images/I0043041.jpg,I0043041,images/I0043041.jpg,I0043041,images/I0043041.jpg,I0043041
I0043060,images/I0043060.jpg,I0043060,images/I0043060.jpg,I0043060,images/I0043060.jpg,I0043060
I0043061,images/I0043061.jpg,I0043061,images/I0043061.jpg,I0043061,images/I0043061.jpg,I0043061
I0043062,images/I0043062.jpg,I0043062,images/I0043062.jpg,I0043062,images/I0043062.jpg,I0043062
I0043063,images/I0043063.jpg,I0043063,images/I0043063.jpg,I0043063,images/I0043063.jpg,I0043063
I0043064,images/I0043064.jpg,I0043064,images/I0043064.jpg,I0043064,images/I0043064.jpg,I0043064
I0043065,images/I0043065.jpg,I0043065,images/I0043065.jpg,I0043065,images/I0043065.jpg,I0043065
I0043066,images/I0043066.jpg,I0043066,images/I0043066.jpg,I0043066,images/I0043066.jpg,I0043066
I0043067,images/I0043067.jpg,I0043067,images/I0043067.jpg,I0043067,images/I0043067.jpg,I0043067
I0043068,images/I0043068.jpg,I0043068,images/I0043068.jpg,I0043068,images/I0043068.jpg,I0043068
I0043069,images/I0043069.jpg,I0043069,images/I0043069.jpg,I0043069,images/I0043069.jpg,I0043069
I0043070,images/I0043070.jpg,I0043070,images/I0043070.jpg,I0043070,images/I0043070.jpg,I0043070
I0043071,images/I0043071.jpg,I0043071,images/I0043071.jpg,I0043071,images/I0043071.jpg,I0043071
I0043072,images/I0043072.jpg,I0043072,images/I0043072.jpg,I0043072,images/I0043072.jpg,I0043072
I0043073,images/I0043073.jpg,I0043073,images/I0043073.jpg,I0043073,images/I0043073.jpg,I0043073
I0043074,images/I0043074.jpg,I0043074,images/I0043074.jpg,I0043074,images/I0043074.jpg,I0043074
I0043075,images/I0043075.jpg,I0043075,images/I0043075.jpg,I0043075,images/I0043075.jpg,I0043075
I0043076,images/I0043076.jpg,I0043076,images/I0043076.jpg,I0043076,images/I0043076.jpg,I0043076
I0043077,images/I0043077.jpg,I0043077,images/I0043077.jpg,I0043077,images/I0043077.jpg,I0043077
I0043078,images/I0043078.jpg,I0043078,images/I0043078.jpg,I0043078,images/I0043078.jpg,I0043078
I0043079,images/I0043079.jpg,I0043079,images/I0043079.jpg,I0043079,images/I0043079.jpg,I0043079
I0043080,images/I0043080.jpg,I0043080,images/I0043080.jpg,I0043080,images/I0043080.jpg,I0043080
I0043081,images/I0043081.jpg,I0043081,images/I0043081.jpg,I0043081,images/I0043081.jpg,I0043081
I0043082,images/I0043082.jpg,I0043082,images/I0043082.jpg,I0043082,images/I0043082.jpg,I0043082
I0043083,images/I0043083.jpg,I0043083,images/I0043083.jpg,I0043083,images/I0043083.jpg,I0043083
I0043084,images/I0043084.jpg,I0043084,images/I0043084.jpg,I0043084,images/I0043084.jpg,I0043084
I0043085,images/I0043085.jpg,I0043085,images/I0043085.jpg,I0043085,images/I0043085.jpg,I0043085
I0043086,images/I0043086.jpg,I0043086,images/I0043086.jpg,I0043086,images/I0043086.jpg,I0043086
I0043087,images/I0043087.jpg,I0043087,images/I0043087.jpg,I0043087,images/I0043087.jpg,I0043087
I0043088,images/I0043088.jpg,I0043088,images/I0043088.jpg,I0043088,images/I0043088.jpg,I0043088
I0043089,images/I0043089.jpg,I0043089,images/I0043089.jpg,I0043089,images/I0043089.jpg,I0043089
I0043090,images/I0043090.jpg,I0043090,images/I0043090.jpg,I0043090,images/I0043090.jpg,I0043090
I0043091,images/I0043091.jpg,I0043091,images/I0043091.jpg,I0043091,images/I0043091.jpg,I0043091
I0043092,images/I0043092.jpg,I0043092,images/I0043092.jpg,I0043092,images/I0043092.jpg,I0043092
I0043093,images/I0043093.jpg,I0043093,images/I0043093.jpg,I0043093,images/I0043093.jpg,I0043093
I0043094,images/I0043094.jpg,I0043094,images/I0043094.jpg,I0043094,images/I0043094.jpg,I0043094
I0043095,images/I0043095.jpg,I0043095,images/I0043095.jpg,I0043095,images/I0043095.jpg,I0043095
I0043096,images/I0043096.jpg,I0043096,images/I0043096.jpg,I0043096,images/I0043096.jpg,I0043096
I0043097,images/I0043097.jpg,I0043097,images/I0043097.jpg,I0043097,images/I0043097.jpg,I0043097
I0043098,images/I0043098.jpg,I0043098,images/I0043098.jpg,I0043098,images/I0043098.jpg,I0043098
I0043099,images/I0043099.jpg,I0043099,images/I0043099.jpg,I0043099,images/I0043099.jpg,I0043099
I0043101,images/I0043101.jpg,I0043101,images/I0043101.jpg,I0043101,images/I0043101.jpg,I0043101
I0043102,images/I0043102.jpg,I0043102,images/I0043102.jpg,I0043102,images/I0043102.jpg,I0043102
I0043103,images/I0043103.jpg,I0043103,images/I0043103.jpg,I0043103,images/I0043103.jpg,I0043103
I0043104,images/I0043104.jpg,I0043104,images/I0043104.jpg,I0043104,images/I0043104.jpg,I0043104
I0043105,images/I0043105.jpg,I0043105,images/I0043105.jpg,I0043105,images/I0043105.jpg,I0043105
I0043106,images/I0043106.jpg,I0043106,images/I0043106.jpg,I0043106,images/I0043106.jpg,I0043106
I0043107,images/I0043107.jpg,I0043107,images/I0043107.jpg,I0043107,images/I0043107.jpg,I0043107
I0043108,images/I0043108.jpg,I0043108,images/I0043108.jpg,I0043108,images/I0043108.jpg,I0043108
I0043109,images/I0043109.jpg,I0043109,images/I0043109.jpg,I0043109,images/I0043109.jpg,I0043109
I0043110,images/I0043110.jpg,I0043110,images/I0043110.jpg,I0043110,images/I0043110.jpg,I0043110
I0043111,images/I0043111.jpg,I0043111,images/I0043111.jpg,I0043111,images/I0043111.jpg,I0043111
I0043112,images/I0043112.jpg,I0043112,images/I0043112.jpg,I0043112,images/I0043112.jpg,I0043112
I0043113,images/I0043113.jpg,I0043113,images/I0043113.jpg,I0043113,images/I0043113.jpg,I0043113
I0043114,images/I0043114.jpg,I0043114,images/I0043114.jpg,I0043114,images/I0043114.jpg,I0043114
I0043115,images/I0043115.jpg,I0043115,images/I0043115.jpg,I0043115,images/I0043115.jpg,I0043115
I0043116,images/I0043116.jpg,I0043116,images/I0043116.jpg,I0043116,images/I0043116.jpg,I0043116
I0043117,images/I0043117.jpg,I0043117,images/I0043117.jpg,I0043117,images/I0043117.jpg,I0043117
I0043118,images/I0043118.jpg,I0043118,images/I0043118.jpg,I0043118,images/I0043118.jpg,I0043118
I0043119,images/I0043119.jpg,I0043119,images/I0043119.jpg,I0043119,images/I0043119.jpg,I0043119
I0043120,images/I0043120.jpg,I0043120,images/I0043120.jpg,I0043120,images/I0043120.jpg,I0043120
I0043121,images/I0043121.jpg,I0043121,images/I0043121.jpg,I0043121,images/I0043121.jpg,I0043121
I0043122,images/I0043122.jpg,I0043122,images/I0043122.jpg,I0043122,images/I0043122.jpg,I0043122
I0043123,images/I0043123.jpg,I0043123,images/I0043123.jpg,I0043123,images/I0043123.jpg,I0043123
I0043124,images/I0043124.jpg,I0043124,images/I0043124.jpg,I0043124,images/I0043124.jpg,I0043124
I0043125,images/I0043125.jpg,I0043125,images/I0043125.jpg,I0043125,images/I0043125.jpg,I0043125
I0043126,images/I0043126.jpg,I0043126,images/I0043126.jpg,I0043126,images/I0043126.jpg,I0043126
I0043127,images/I0043127.jpg,I0043127,images/I0043127.jpg,I0043127,images/I0043127.jpg,I0043127
I0043128,images/I0043128.jpg,I0043128,images/I0043128.jpg,I0043128,images/I0043128.jpg,I0043128
I0043129,images/I0043129.jpg,I0043129,images/I0043129.jpg,I0043129,images/I0043129.jpg,I0043129
I0043130,images/I0043130.jpg,I0043130,images/I0043130.jpg,I0043130,images/I0043130.jpg,I0043130
I0043131,images/I0043131.jpg,I0043131,images/I0043131.jpg,I0043131,images/I0043131.jpg,I0043131
I0043132,images/I0043132.jpg,I0043132,images/I0043132.jpg,I0043132,images/I0043132.jpg,I0043132
I0043133,images/I0043133.jpg,I0043133,images/I0043133.jpg,I0043133,images/I0043133.jpg,I0043133
I0043134,images/I0043134.jpg,I0043134,images/I0043134.jpg,I0043134,images/I0043134.jpg,I0043134
I0043136,images/I0043136.jpg,I0043136,images/I0043136.jpg,I0043136,images/I0043136.jpg,I0043136
I0043137,images/I0043137.jpg,I0043137,images/I0043137.jpg,I0043137,images/I0043137.jpg,I0043137
I0043139,images/I0043139.jpg,I0043139,images/I0043139.jpg,I0043139,images/I0043139.jpg,I0043139
I0043140,images/I0043140.jpg,I0043140,images/I0043140.jpg,I0043140,images/I0043140.jpg,I0043140
I0043141,images/I0043141.jpg,I0043141,images/I0043141.jpg,I0043141,images/I0043141.jpg,I0043141
I0043142,images/I0043142.jpg,I0043142,images/I0043142.jpg,I0043142,images/I0043142.jpg,I0043142
I0043143,images/I0043143.jpg,I0043143,images/I0043143.jpg,I0043143,images/I0043143.jpg,I0043143
I0043144,images/I0043144.jpg,I0043144,images/I0043144.jpg,I0043144,images/I0043144.jpg,I0043144
I0043145,images/I0043145.jpg,I0043145,images/I0043145.jpg,I0043145,images/I0043145.jpg,I0043145
I0043146,images/I0043146.jpg,I0043146,images/I0043146.jpg,I0043146,images/I0043146.jpg,I0043146
I0043147,images/I0043147.jpg,I0043147,images/I0043147.jpg,I0043147,images/I0043147.jpg,I0043147
I0043148,images/I0043148.jpg,I0043148,images/I0043148.jpg,I0043148,images/I0043148.jpg,I0043148
I0043149,images/I0043149.jpg,I0043149,images/I0043149.jpg,I0043149,images/I0043149.jpg,I0043149
I0043150,images/I0043150.jpg,I0043150,images/I0043150.jpg,I0043150,images/I0043150.jpg,I0043150
I0043151,images/I0043151.jpg,I0043151,images/I0043151.jpg,I0043151,images/I0043151.jpg,I0043151
I0043152,images/I0043152.jpg,I0043152,images/I0043152.jpg,I0043152,images/I0043152.jpg,I0043152
I0043153,images/I0043153.jpg,I0043153,images/I0043153.jpg,I0043153,images/I0043153.jpg,I0043153
I0043154,images/I0043154.jpg,I0043154,images/I0043154.jpg,I0043154,images/I0043154.jpg,I0043154
I0043155,images/I0043155.jpg,I0043155,images/I0043155.jpg,I0043155,images/I0043155.jpg,I0043155
I0043156,images/I0043156.jpg,I0043156,images/I0043156.jpg,I0043156,images/I0043156.jpg,I0043156
I0043157,images/I0043157.jpg,I0043157,images/I0043157.jpg,I0043157,images/I0043157.jpg,I0043157
I0043158,images/I0043158.jpg,I0043158,images/I0043158.jpg,I0043158,images/I0043158.jpg,I0043158
I0043159,images/I0043159.jpg,I0043159,images/I0043159.jpg,I0043159,images/I0043159.jpg,I0043159
I0043161,images/I0043161.jpg,I0043161,images/I0043161.jpg,I0043161,images/I0043161.jpg,I0043161
I0043162,images/I0043162.jpg,I0043162,images/I0043162.jpg,I0043162,images/I0043162.jpg,I0043162
I0043163,images/I0043163.jpg,I0043163,images/I0043163.jpg,I0043163,images/I0043163.jpg,I0043163
I0043164,images/I0043164.jpg,I0043164,images/I0043164.jpg,I0043164,images/I0043164.jpg,I0043164
I0043165,images/I0043165.jpg,I0043165,images/I0043165.jpg,I0043165,images/I0043165.jpg,I0043165
I0043166,images/I0043166.jpg,I0043166,images/I0043166.jpg,I0043166,images/I0043166.jpg,I0043166
I0043167,images/I0043167.jpg,I0043167,images/I0043167.jpg,I0043167,images/I0043167.jpg,I0043167
I0043169,images/I0043169.jpg,I0043169,images/I0043169.jpg,I0043169,images/I0043169.jpg,I0043169
I0043170,images/I0043170.jpg,I0043170,images/I0043170.jpg,I0043170,images/I0043170.jpg,I0043170
I0043171,images/I0043171.jpg,I0043171,images/I0043171.jpg,I0043171,images/I0043171.jpg,I0043171
I0043172,images/I0043172.jpg,I0043172,images/I0043172.jpg,I0043172,images/I0043172.jpg,I0043172
I0043173,images/I0043173.jpg,I0043173,images/I0043173.jpg,I0043173,images/I0043173.jpg,I0043173
I0043174,images/I0043174.jpg,I0043174,images/I0043174.jpg,I0043174,images/I0043174.jpg,I0043174
I0043175,images/I0043175.jpg,I0043175,images/I0043175.jpg,I0043175,images/I0043175.jpg,I0043175
I0043176,images/I0043176.jpg,I0043176,images/I0043176.jpg,I0043176,images/I0043176.jpg,I0043176
I0043177,images/I0043177.jpg,I0043177,images/I0043177.jpg,I0043177,images/I0043177.jpg,I0043177
I0043178,images/I0043178.jpg,I0043178,images/I0043178.jpg,I0043178,images/I0043178.jpg,I0043178
I0043179,images/I0043179.jpg,I0043179,images/I0043179.jpg,I0043179,images/I0043179.jpg,I0043179
I0043180,images/I0043180.jpg,I0043180,images/I0043180.jpg,I0043180,images/I0043180.jpg,I0043180
I0043181,images/I0043181.jpg,I0043181,images/I0043181.jpg,I0043181,images/I0043181.jpg,I0043181
I0043182,images/I0043182.jpg,I0043182,images/I0043182.jpg,I0043182,images/I0043182.jpg,I0043182
I0043184,images/I0043184.jpg,I0043184,images/I0043184.jpg,I0043184,images/I0043184.jpg,I0043184
I0043185,images/I0043185.jpg,I0043185,images/I0043185.jpg,I0043185,images/I0043185.jpg,I0043185
I0043186,images/I0043186.jpg,I0043186,images/I0043186.jpg,I0043186,images/I0043186.jpg,I0043186
I0043187,images/I0043187.jpg,I0043187,images/I0043187.jpg,I0043187,images/I0043187.jpg,I0043187
I0043188,images/I0043188.jpg,I0043188,images/I0043188.jpg,I0043188,images/I0043188.jpg,I0043188
I0043190,images/I0043190.jpg,I0043190,images/I0043190.jpg,I0043190,images/I0043190.jpg,I0043190
I0043191,images/I0043191.jpg,I0043191,images/I0043191.jpg,I0043191,images/I0043191.jpg,I0043191
I0043192,images/I0043192.jpg,I0043192,images/I0043192.jpg,I0043192,images/I0043192.jpg,I0043192
I0043193,images/I0043193.jpg,I0043193,images/I0043193.jpg,I0043193,images/I0043193.jpg,I0043193
I0043194,images/I0043194.jpg,I0043194,images/I0043194.jpg,I0043194,images/I0043194.jpg,I0043194
I0043195,images/I0043195.jpg,I0043195,images/I0043195.jpg,I0043195,images/I0043195.jpg,I0043195
I0043196,images/I0043196.jpg,I0043196,images/I0043196.jpg,I0043196,images/I0043196.jpg,I0043196
I0043197,images/I0043197.jpg,I0043197,images/I0043197.jpg,I0043197,images/I0043197.jpg,I0043197
I0043198,images/I0043198.jpg,I0043198,images/I0043198.jpg,I0043198,images/I0043198.jpg,I0043198
I0043199,images/I0043199.jpg,I0043199,images/I0043199.jpg,I0043199,images/I0043199.jpg,I0043199
I0043200,images/I0043200.jpg,I0043200,images/I0043200.jpg,I0043200,images/I0043200.jpg,I0043200
I0043201,images/I0043201.jpg,I0043201,images/I0043201.jpg,I0043201,images/I0043201.jpg,I0043201
I0043202,images/I0043202.jpg,I0043202,images/I0043202.jpg,I0043202,images/I0043202.jpg,I0043202
I0043203,images/I0043203.jpg,I0043203,images/I0043203.jpg,I0043203,images/I0043203.jpg,I0043203
I0043204,images/I0043204.jpg,I0043204,images/I0043204.jpg,I0043204,images/I0043204.jpg,I0043204
I0043205,images/I0043205.jpg,I0043205,images/I0043205.jpg,I0043205,images/I0043205.jpg,I0043205
I0043206,images/I0043206.jpg,I0043206,images/I0043206.jpg,I0043206,images/I0043206.jpg,I0043206
I0043207,images/I0043207.jpg,I0043207,images/I0043207.jpg,I0043207,images/I0043207.jpg,I0043207
I0043208,images/I0043208.jpg,I0043208,images/I0043208.jpg,I0043208,images/I0043208.jpg,I0043208
I0043209,images/I0043209.jpg,I0043209,images/I0043209.jpg,I0043209,images/I0043209.jpg,I0043209
I0043210,images/I0043210.jpg,I0043210,images/I0043210.jpg,I0043210,images/I0043210.jpg,I0043210
I0043211,images/I0043211.jpg,I0043211,images/I0043211.jpg,I0043211,images/I0043211.jpg,I0043211
I0043212,images/I0043212.jpg,I0043212,images/I0043212.jpg,I0043212,images/I0043212.jpg,I0043212
I0043213,images/I0043213.jpg,I0043213,images/I0043213.jpg,I0043213,images/I0043213.jpg,I0043213
I0043214,images/I0043214.jpg,I0043214,images/I0043214.jpg,I0043214,images/I0043214.jpg,I0043214
I0043215,images/I0043215.jpg,I0043215,images/I0043215.jpg,I0043215,images/I0043215.jpg,I0043215
I0043216,images/I0043216.jpg,I0043216,images/I0043216.jpg,I0043216,images/I0043216.jpg,I0043216
I0043217,images/I0043217.jpg,I0043217,images/I0043217.jpg,I0043217,images/I0043217.jpg,I0043217
I0043218,images/I0043218.jpg,I0043218,images/I0043218.jpg,I0043218,images/I0043218.jpg,I0043218
I0043219,images/I0043219.jpg,I0043219,images/I0043219.jpg,I0043219,images/I0043219.jpg,I0043219
I0043220,images/I0043220.jpg,I0043220,images/I0043220.jpg,I0043220,images/I0043220.jpg,I0043220
I0043221,images/I0043221.jpg,I0043221,images/I0043221.jpg,I0043221,images/I0043221.jpg,I0043221
I0043222,images/I0043222.jpg,I0043222,images/I0043222.jpg,I0043222,images/I0043222.jpg,I0043222
I0043223,images/I0043223.jpg,I0043223,images/I0043223.jpg,I0043223,images/I0043223.jpg,I0043223
I0043224,images/I0043224.jpg,I0043224,images/I0043224.jpg,I0043224,images/I0043224.jpg,I0043224
I0043225,images/I0043225.jpg,I0043225,images/I0043225.jpg,I0043225,images/I0043225.jpg,I0043225
I0043226,images/I0043226.jpg,I0043226,images/I0043226.jpg,I0043226,images/I0043226.jpg,I0043226
I0043227,images/I0043227.jpg,I0043227,images/I0043227.jpg,I0043227,images/I0043227.jpg,I0043227
I0043228,images/I0043228.jpg,I0043228,images/I0043228.jpg,I0043228,images/I0043228.jpg,I0043228
I0043229,images/I0043229.jpg,I0043229,images/I0043229.jpg,I0043229,images/I0043229.jpg,I0043229
I0043230,images/I0043230.jpg,I0043230,images/I0043230.jpg,I0043230,images/I0043230.jpg,I0043230
I0043231,images/I0043231.jpg,I0043231,images/I0043231.jpg,I0043231,images/I0043231.jpg,I0043231
I0043232,images/I0043232.jpg,I0043232,images/I0043232.jpg,I0043232,images/I0043232.jpg,I0043232
I0043233,images/I0043233.jpg,I0043233,images/I0043233.jpg,I0043233,images/I0043233.jpg,I0043233
I0043234,images/I0043234.jpg,I0043234,images/I0043234.jpg,I0043234,images/I0043234.jpg,I0043234
I0043235,images/I0043235.jpg,I0043235,images/I0043235.jpg,I0043235,images/I0043235.jpg,I0043235
I0043236,images/I0043236.jpg,I0043236,images/I0043236.jpg,I0043236,images/I0043236.jpg,I0043236
I0043237,images/I0043237.jpg,I0043237,images/I0043237.jpg,I0043237,images/I0043237.jpg,I0043237
I0043238,images/I0043238.jpg,I0043238,images/I0043238.jpg,I0043238,images/I0043238.jpg,I0043238
I0043239,images/I0043239.jpg,I0043239,images/I0043239.jpg,I0043239,images/I0043239.jpg,I0043239
I0043240,images/I0043240.jpg,I0043240,images/I0043240.jpg,I0043240,images/I0043240.jpg,I0043240
I0043241,images/I0043241.jpg,I0043241,images/I0043241.jpg,I0043241,images/I0043241.jpg,I0043241
I0043242,images/I0043242.jpg,I0043242,images/I0043242.jpg,I0043242,images/I0043242.jpg,I0043242
I0043243,images/I0043243.jpg,I0043243,images/I0043243.jpg,I0043243,images/I0043243.jpg,I0043243
I0043244,images/I0043244.jpg,I0043244,images/I0043244.jpg,I0043244,images/I0043244.jpg,I0043244
I0043245,images/I0043245.jpg,I0043245,images/I0043245.jpg,I0043245,images/I0043245.jpg,I0043245
I0043246,images/I0043246.jpg,I0043246,images/I0043246.jpg,I0043246,images/I0043246.jpg,I0043246
I0043247,images/I0043247.jpg,I0043247,images/I0043247.jpg,I0043247,images/I0043247.jpg,I0043247
I0043248,images/I0043248.jpg,I0043248,images/I0043248.jpg,I0043248,images/I0043248.jpg,I0043248
I0043249,images/I0043249.jpg,I0043249,images/I0043249.jpg,I0043249,images/I0043249.jpg,I0043249
I0043250,images/I0043250.jpg,I0043250,images/I0043250.jpg,I0043250,images/I0043250.jpg,I0043250
I0043251,images/I0043251.jpg,I0043251,images/I0043251.jpg,I0043251,images/I0043251.jpg,I0043251
I0043252,images/I0043252.jpg,I0043252,images/I0043252.jpg,I0043252,images/I0043252.jpg,I0043252
I0043253,images/I0043253.jpg,I0043253,images/I0043253.jpg,I0043253,images/I0043253.jpg,I0043253
I0043254,images/I0043254.jpg,I0043254,images/I0043254.jpg,I0043254,images/I0043254.jpg,I0043254
I0043255,images/I0043255.jpg,I0043255,images/I0043255.jpg,I0043255,images/I0043255.jpg,I0043255
I0043256,images/I0043256.jpg,I0043256,images/I0043256.jpg,I0043256,images/I0043256.jpg,I0043256
I0043257,images/I0043257.jpg,I0043257,images/I0043257.jpg,I0043257,images/I0043257.jpg,I0043257
I0043258,images/I0043258.jpg,I0043258,images/I0043258.jpg,I0043258,images/I0043258.jpg,I0043258
I0043259,images/I0043259.jpg,I0043259,images/I0043259.jpg,I0043259,images/I0043259.jpg,I0043259
I0043260,images/I0043260.jpg,I0043260,images/I0043260.jpg,I0043260,images/I0043260.jpg,I0043260
I0043261,images/I0043261.jpg,I0043261,images/I0043261.jpg,I0043261,images/I0043261.jpg,I0043261
I0043262,images/I0043262.jpg,I0043262,images/I0043262.jpg,I0043262,images/I0043262.jpg,I0043262
I0043263,images/I0043263.jpg,I0043263,images/I0043263.jpg,I0043263,images/I0043263.jpg,I0043263
I0043264,images/I0043264.jpg,I0043264,images/I0043264.jpg,I0043264,images/I0043264.jpg,I0043264
I0043265,images/I0043265.jpg,I0043265,images/I0043265.jpg,I0043265,images/I0043265.jpg,I0043265
I0043266,images/I0043266.jpg,I0043266,images/I0043266.jpg,I0043266,images/I0043266.jpg,I0043266
I0043267,images/I0043267.jpg,I0043267,images/I0043267.jpg,I0043267,images/I0043267.jpg,I0043267
I0043268,images/I0043268.jpg,I0043268,images/I0043268.jpg,I0043268,images/I0043268.jpg,I0043268
I0043269,images/I0043269.jpg,I0043269,images/I0043269.jpg,I0043269,images/I0043269.jpg,I0043269
I0043270,images/I0043270.jpg,I0043270,images/I0043270.jpg,I0043270,images/I0043270.jpg,I0043270
I0043271,images/I0043271.jpg,I0043271,images/I0043271.jpg,I0043271,images/I0043271.jpg,I0043271
I0043272,images/I0043272.jpg,I0043272,images/I0043272.jpg,I0043272,images/I0043272.jpg,I0043272
I0043273,images/I0043273.jpg,I0043273,images/I0043273.jpg,I0043273,images/I0043273.jpg,I0043273
I0043274,images/I0043274.jpg,I0043274,images/I0043274.jpg,I0043274,images/I0043274.jpg,I0043274
I0043275,images/I0043275.jpg,I0043275,images/I0043275.jpg,I0043275,images/I0043275.jpg,I0043275
I0043276,images/I0043276.jpg,I0043276,images/I0043276.jpg,I0043276,images/I0043276.jpg,I0043276
I0043277,images/I0043277.jpg,I0043277,images/I0043277.jpg,I0043277,images/I0043277.jpg,I0043277
I0043278,images/I0043278.jpg,I0043278,images/I0043278.jpg,I0043278,images/I0043278.jpg,I0043278
I0043279,images/I0043279.jpg,I0043279,images/I0043279.jpg,I0043279,images/I0043279.jpg,I0043279
I0043280,images/I0043280.jpg,I0043280,images/I0043280.jpg,I0043280,images/I0043280.jpg,I0043280
I0043281,images/I0043281.jpg,I0043281,images/I0043281.jpg,I0043281,images/I0043281.jpg,I0043281
I0043282,images/I0043282.jpg,I0043282,images/I0043282.jpg,I0043282,images/I0043282.jpg,I0043282
I0043283,images/I0043283.jpg,I0043283,images/I0043283.jpg,I0043283,images/I0043283.jpg,I0043283
I0043284,images/I0043284.jpg,I0043284,images/I0043284.jpg,I0043284,images/I0043284.jpg,I0043284
I0043285,images/I0043285.jpg,I0043285,images/I0043285.jpg,I0043285,images/I0043285.jpg,I0043285
I0043286,images/I0043286.jpg,I0043286,images/I0043286.jpg,I0043286,images/I0043286.jpg,I0043286
I0043287,images/I0043287.jpg,I0043287,images/I0043287.jpg,I0043287,images/I0043287.jpg,I0043287
I0043288,images/I0043288.jpg,I0043288,images/I0043288.jpg,I0043288,images/I0043288.jpg,I0043288
I0043289,images/I0043289.jpg,I0043289,images/I0043289.jpg,I0043289,images/I0043289.jpg,I0043289
I0043291,images/I0043291.jpg,I0043291,images/I0043291.jpg,I0043291,images/I0043291.jpg,I0043291
I0043292,images/I0043292.jpg,I0043292,images/I0043292.jpg,I0043292,images/I0043292.jpg,I0043292
I0043293,images/I0043293.jpg,I0043293,images/I0043293.jpg,I0043293,images/I0043293.jpg,I0043293
I0043295,images/I0043295.jpg,I0043295,images/I0043295.jpg,I0043295,images/I0043295.jpg,I0043295
I0043296,images/I0043296.jpg,I0043296,images/I0043296.jpg,I0043296,images/I0043296.jpg,I0043296
I0043297,images/I0043297.jpg,I0043297,images/I0043297.jpg,I0043297,images/I0043297.jpg,I0043297
I0043298,images/I0043298.jpg,I0043298,images/I0043298.jpg,I0043298,images/I0043298.jpg,I0043298
I0043299,images/I0043299.jpg,I0043299,images/I0043299.jpg,I0043299,images/I0043299.jpg,I0043299
I0043300,images/I0043300.jpg,I0043300,images/I0043300.jpg,I0043300,images/I0043300.jpg,I0043300
I0043301,images/I0043301.jpg,I0043301,images/I0043301.jpg,I0043301,images/I0043301.jpg,I0043301
I0043302,images/I0043302.jpg,I0043302,images/I0043302.jpg,I0043302,images/I0043302.jpg,I0043302
I0043304,images/I0043304.jpg,I0043304,images/I0043304.jpg,I0043304,images/I0043304.jpg,I0043304
I0043305,images/I0043305.jpg,I0043305,images/I0043305.jpg,I0043305,images/I0043305.jpg,I0043305
I0043306,images/I0043306.jpg,I0043306,images/I0043306.jpg,I0043306,images/I0043306.jpg,I0043306
I0043307,images/I0043307.jpg,I0043307,images/I0043307.jpg,I0043307,images/I0043307.jpg,I0043307
I0043308,images/I0043308.jpg,I0043308,images/I0043308.jpg,I0043308,images/I0043308.jpg,I0043308
I0043309,images/I0043309.jpg,I0043309,images/I0043309.jpg,I0043309,images/I0043309.jpg,I0043309
I0043310,images/I0043310.jpg,I0043310,images/I0043310.jpg,I0043310,images/I0043310.jpg,I0043310
I0043311,images/I0043311.jpg,I0043311,images/I0043311.jpg,I0043311,images/I0043311.jpg,I0043311
I0043312,images/I0043312.jpg,I0043312,images/I0043312.jpg,I0043312,images/I0043312.jpg,I0043312
I0043313,images/I0043313.jpg,I0043313,images/I0043313.jpg,I0043313,images/I0043313.jpg,I0043313
I0043314,images/I0043314.jpg,I0043314,images/I0043314.jpg,I0043314,images/I0043314.jpg,I0043314
I0043315,images/I0043315.jpg,I0043315,images/I0043315.jpg,I0043315,images/I0043315.jpg,I0043315
I0043316,images/I0043316.jpg,I0043316,images/I0043316.jpg,I0043316,images/I0043316.jpg,I0043316
I0043317,images/I0043317.jpg,I0043317,images/I0043317.jpg,I0043317,images/I0043317.jpg,I0043317
I0043318,images/I0043318.jpg,I0043318,images/I0043318.jpg,I0043318,images/I0043318.jpg,I0043318
I0043319,images/I0043319.jpg,I0043319,images/I0043319.jpg,I0043319,images/I0043319.jpg,I0043319
I0043320,images/I0043320.jpg,I0043320,images/I0043320.jpg,I0043320,images/I0043320.jpg,I0043320
I0043321,images/I0043321.jpg,I0043321,images/I0043321.jpg,I0043321,images/I0043321.jpg,I0043321
I0043322,images/I0043322.jpg,I0043322,images/I0043322.jpg,I0043322,images/I0043322.jpg,I0043322
I0043323,images/I0043323.jpg,I0043323,images/I0043323.jpg,I0043323,images/I0043323.jpg,I0043323
I0043324,images/I0043324.jpg,I0043324,images/I0043324.jpg,I0043324,images/I0043324.jpg,I0043324
I0043325,images/I0043325.jpg,I0043325,images/I0043325.jpg,I0043325,images/I0043325.jpg,I0043325
I0043326,images/I0043326.jpg,I0043326,images/I0043326.jpg,I0043326,images/I0043326.jpg,I0043326
I0043327,images/I0043327.jpg,I0043327,images/I0043327.jpg,I0043327,images/I0043327.jpg,I0043327
I0043328,images/I0043328.jpg,I0043328,images/I0043328.jpg,I0043328,images/I0043328.jpg,I0043328
I0043329,images/I0043329.jpg,I0043329,images/I0043329.jpg,I0043329,images/I0043329.jpg,I0043329
I0043330,images/I0043330.jpg,I0043330,images/I0043330.jpg,I0043330,images/I0043330.jpg,I0043330
I0043331,images/I0043331.jpg,I0043331,images/I0043331.jpg,I0043331,images/I0043331.jpg,I0043331
I0043332,images/I0043332.jpg,I0043332,images/I0043332.jpg,I0043332,images/I0043332.jpg,I0043332
I0043333,images/I0043333.jpg,I0043333,images/I0043333.jpg,I0043333,images/I0043333.jpg,I0043333
I0043334,images/I0043334.jpg,I0043334,images/I0043334.jpg,I0043334,images/I0043334.jpg,I0043334
I0043335,images/I0043335.jpg,I0043335,images/I0043335.jpg,I0043335,images/I0043335.jpg,I0043335
I0043336,images/I0043336.jpg,I0043336,images/I0043336.jpg,I0043336,images/I0043336.jpg,I0043336
I0043337,images/I0043337.jpg,I0043337,images/I0043337.jpg,I0043337,images/I0043337.jpg,I0043337
I0043338,images/I0043338.jpg,I0043338,images/I0043338.jpg,I0043338,images/I0043338.jpg,I0043338
I0043339,images/I0043339.jpg,I0043339,images/I0043339.jpg,I0043339,images/I0043339.jpg,I0043339
I0043340,images/I0043340.jpg,I0043340,images/I0043340.jpg,I0043340,images/I0043340.jpg,I0043340
I0043341,images/I0043341.jpg,I0043341,images/I0043341.jpg,I0043341,images/I0043341.jpg,I0043341
I0043342,images/I0043342.jpg,I0043342,images/I0043342.jpg,I0043342,images/I0043342.jpg,I0043342
I0043343,images/I0043343.jpg,I0043343,images/I0043343.jpg,I0043343,images/I0043343.jpg,I0043343
I0043344,images/I0043344.jpg,I0043344,images/I0043344.jpg,I0043344,images/I0043344.jpg,I0043344
I0043345,images/I0043345.jpg,I0043345,images/I0043345.jpg,I0043345,images/I0043345.jpg,I0043345
I0043346,images/I0043346.jpg,I0043346,images/I0043346.jpg,I0043346,images/I0043346.jpg,I0043346
I0043347,images/I0043347.jpg,I0043347,images/I0043347.jpg,I0043347,images/I0043347.jpg,I0043347
I0043348,images/I0043348.jpg,I0043348,images/I0043348.jpg,I0043348,images/I0043348.jpg,I0043348
I0043349,images/I0043349.jpg,I0043349,images/I0043349.jpg,I0043349,images/I0043349.jpg,I0043349
I0043350,images/I0043350.jpg,I0043350,images/I0043350.jpg,I0043350,images/I0043350.jpg,I0043350
I0043351,images/I0043351.jpg,I0043351,images/I0043351.jpg,I0043351,images/I0043351.jpg,I0043351
I0043352,images/I0043352.jpg,I0043352,images/I0043352.jpg,I0043352,images/I0043352.jpg,I0043352
I0043353,images/I0043353.jpg,I0043353,images/I0043353.jpg,I0043353,images/I0043353.jpg,I0043353
I0043354,images/I0043354.jpg,I0043354,images/I0043354.jpg,I0043354,images/I0043354.jpg,I0043354
I0043355,images/I0043355.jpg,I0043355,images/I0043355.jpg,I0043355,images/I0043355.jpg,I0043355
I0043356,images/I0043356.jpg,I0043356,images/I0043356.jpg,I0043356,images/I0043356.jpg,I0043356
I0043357,images/I0043357.jpg,I0043357,images/I0043357.jpg,I0043357,images/I0043357.jpg,I0043357
I0043358,images/I0043358.jpg,I0043358,images/I0043358.jpg,I0043358,images/I0043358.jpg,I0043358
I0043359,images/I0043359.jpg,I0043359,images/I0043359.jpg,I0043359,images/I0043359.jpg,I0043359
I0043361,images/I0043361.jpg,I0043361,images/I0043361.jpg,I0043361,images/I0043361.jpg,I0043361
I0043362,images/I0043362.jpg,I0043362,images/I0043362.jpg,I0043362,images/I0043362.jpg,I0043362
I0043363,images/I0043363.jpg,I0043363,images/I0043363.jpg,I0043363,images/I0043363.jpg,I0043363
I0043364,images/I0043364.jpg,I0043364,images/I0043364.jpg,I0043364,images/I0043364.jpg,I0043364
I0043365,images/I0043365.jpg,I0043365,images/I0043365.jpg,I0043365,images/I0043365.jpg,I0043365
I0043366,images/I0043366.jpg,I0043366,images/I0043366.jpg,I0043366,images/I0043366.jpg,I0043366
I0043367,images/I0043367.jpg,I0043367,images/I0043367.jpg,I0043367,images/I0043367.jpg,I0043367
I0043369,images/I0043369.jpg,I0043369,images/I0043369.jpg,I0043369,images/I0043369.jpg,I0043369
I0043370,images/I0043370.jpg,I0043370,images/I0043370.jpg,I0043370,images/I0043370.jpg,I0043370
I0043371,images/I0043371.jpg,I0043371,images/I0043371.jpg,I0043371,images/I0043371.jpg,I0043371
I0043372,images/I0043372.jpg,I0043372,images/I0043372.jpg,I0043372,images/I0043372.jpg,I0043372
I0043373,images/I0043373.jpg,I0043373,images/I0043373.jpg,I0043373,images/I0043373.jpg,I0043373
I0043374,images/I0043374.jpg,I0043374,images/I0043374.jpg,I0043374,images/I0043374.jpg,I0043374
I0043375,images/I0043375.jpg,I0043375,images/I0043375.jpg,I0043375,images/I0043375.jpg,I0043375
I0043377,images/I0043377.jpg,I0043377,images/I0043377.jpg,I0043377,images/I0043377.jpg,I0043377
I0043378,images/I0043378.jpg,I0043378,images/I0043378.jpg,I0043378,images/I0043378.jpg,I0043378
I0043379,images/I0043379.jpg,I0043379,images/I0043379.jpg,I0043379,images/I0043379.jpg,I0043379
I0043380,images/I0043380.jpg,I0043380,images/I0043380.jpg,I0043380,images/I0043380.jpg,I0043380
I0043381,images/I0043381.jpg,I0043381,images/I0043381.jpg,I0043381,images/I0043381.jpg,I0043381
I0043382,images/I0043382.jpg,I0043382,images/I0043382.jpg,I0043382,images/I0043382.jpg,I0043382
I0043383,images/I0043383.jpg,I0043383,images/I0043383.jpg,I0043383,images/I0043383.jpg,I0043383
I0043384,images/I0043384.jpg,I0043384,images/I0043384.jpg,I0043384,images/I0043384.jpg,I0043384
I0043385,images/I0043385.jpg,I0043385,images/I0043385.jpg,I0043385,images/I0043385.jpg,I0043385
I0043386,images/I0043386.jpg,I0043386,images/I0043386.jpg,I0043386,images/I0043386.jpg,I0043386
I0043387,images/I0043387.jpg,I0043387,images/I0043387.jpg,I0043387,images/I0043387.jpg,I0043387
I0043388,images/I0043388.jpg,I0043388,images/I0043388.jpg,I0043388,images/I0043388.jpg,I0043388
I0043389,images/I0043389.jpg,I0043389,images/I0043389.jpg,I0043389,images/I0043389.jpg,I0043389
I0043391,images/I0043391.jpg,I0043391,images/I0043391.jpg,I0043391,images/I0043391.jpg,I0043391
I0043392,images/I0043392.jpg,I0043392,images/I0043392.jpg,I0043392,images/I0043392.jpg,I0043392
I0043393,images/I0043393.jpg,I0043393,images/I0043393.jpg,I0043393,images/I0043393.jpg,I0043393
I0043394,images/I0043394.jpg,I0043394,images/I0043394.jpg,I0043394,images/I0043394.jpg,I0043394
I0043395,images/I0043395.jpg,I0043395,images/I0043395.jpg,I0043395,images/I0043395.jpg,I0043395
I0043396,images/I0043396.jpg,I0043396,images/I0043396.jpg,I0043396,images/I0043396.jpg,I0043396
I0043397,images/I0043397.jpg,I0043397,images/I0043397.jpg,I0043397,images/I0043397.jpg,I0043397
I0043398,images/I0043398.jpg,I0043398,images/I0043398.jpg,I0043398,images/I0043398.jpg,I0043398
I0043399,images/I0043399.jpg,I0043399,images/I0043399.jpg,I0043399,images/I0043399.jpg,I0043399
I0043400,images/I0043400.jpg,I0043400,images/I0043400.jpg,I0043400,images/I0043400.jpg,I0043400
I0043401,images/I0043401.jpg,I0043401,images/I0043401.jpg,I0043401,images/I0043401.jpg,I0043401
I0043402,images/I0043402.jpg,I0043402,images/I0043402.jpg,I0043402,images/I0043402.jpg,I0043402
I0043403,images/I0043403.jpg,I0043403,images/I0043403.jpg,I0043403,images/I0043403.jpg,I0043403
I0043404,images/I0043404.jpg,I0043404,images/I0043404.jpg,I0043404,images/I0043404.jpg,I0043404
I0043405,images/I0043405.jpg,I0043405,images/I0043405.jpg,I0043405,images/I0043405.jpg,I0043405
I0043406,images/I0043406.jpg,I0043406,images/I0043406.jpg,I0043406,images/I0043406.jpg,I0043406
I0043407,images/I0043407.jpg,I0043407,images/I0043407.jpg,I0043407,images/I0043407.jpg,I0043407
I0043408,images/I0043408.jpg,I0043408,images/I0043408.jpg,I0043408,images/I0043408.jpg,I0043408
I0043409,images/I0043409.jpg,I0043409,images/I0043409.jpg,I0043409,images/I0043409.jpg,I0043409
I0043410,images/I0043410.jpg,I0043410,images/I0043410.jpg,I0043410,images/I0043410.jpg,I0043410
I0043411,images/I0043411.jpg,I0043411,images/I0043411.jpg,I0043411,images/I0043411.jpg,I0043411
I0043412,images/I0043412.jpg,I0043412,images/I0043412.jpg,I0043412,images/I0043412.jpg,I0043412
I0043413,images/I0043413.jpg,I0043413,images/I0043413.jpg,I0043413,images/I0043413.jpg,I0043413
I0043414,images/I0043414.jpg,I0043414,images/I0043414.jpg,I0043414,images/I0043414.jpg,I0043414
I0043415,images/I0043415.jpg,I0043415,images/I0043415.jpg,I0043415,images/I0043415.jpg,I0043415
I0043417,images/I0043417.jpg,I0043417,images/I0043417.jpg,I0043417,images/I0043417.jpg,I0043417
I0043418,images/I0043418.jpg,I0043418,images/I0043418.jpg,I0043418,images/I0043418.jpg,I0043418
I0043419,images/I0043419.jpg,I0043419,images/I0043419.jpg,I0043419,images/I0043419.jpg,I0043419
I0043420,images/I0043420.jpg,I0043420,images/I0043420.jpg,I0043420,images/I0043420.jpg,I0043420
I0043421,images/I0043421.jpg,I0043421,images/I0043421.jpg,I0043421,images/I0043421.jpg,I0043421
I0043422,images/I0043422.jpg,I0043422,images/I0043422.jpg,I0043422,images/I0043422.jpg,I0043422
I0043424,images/I0043424.jpg,I0043424,images/I0043424.jpg,I0043424,images/I0043424.jpg,I0043424
I0043425,images/I0043425.jpg,I0043425,images/I0043425.jpg,I0043425,images/I0043425.jpg,I0043425
I0043426,images/I0043426.jpg,I0043426,images/I0043426.jpg,I0043426,images/I0043426.jpg,I0043426
I0043427,images/I0043427.jpg,I0043427,images/I0043427.jpg,I0043427,images/I0043427.jpg,I0043427
I0043428,images/I0043428.jpg,I0043428,images/I0043428.jpg,I0043428,images/I0043428.jpg,I0043428
I0043429,images/I0043429.jpg,I0043429,images/I0043429.jpg,I0043429,images/I0043429.jpg,I0043429
I0043431,images/I0043431.jpg,I0043431,images/I0043431.jpg,I0043431,images/I0043431.jpg,I0043431
I0043432,images/I0043432.jpg,I0043432,images/I0043432.jpg,I0043432,images/I0043432.jpg,I0043432
I0043433,images/I0043433.jpg,I0043433,images/I0043433.jpg,I0043433,images/I0043433.jpg,I0043433
I0043434,images/I0043434.jpg,I0043434,images/I0043434.jpg,I0043434,images/I0043434.jpg,I0043434
I0043435,images/I0043435.jpg,I0043435,images/I0043435.jpg,I0043435,images/I0043435.jpg,I0043435
I0043436,images/I0043436.jpg,I0043436,images/I0043436.jpg,I0043436,images/I0043436.jpg,I0043436
I0043437,images/I0043437.jpg,I0043437,images/I0043437.jpg,I0043437,images/I0043437.jpg,I0043437
I0043438,images/I0043438.jpg,I0043438,images/I0043438.jpg,I0043438,images/I0043438.jpg,I0043438
I0043439,images/I0043439.jpg,I0043439,images/I0043439.jpg,I0043439,images/I0043439.jpg,I0043439
I0043440,images/I0043440.jpg,I0043440,images/I0043440.jpg,I0043440,images/I0043440.jpg,I0043440
I0043441,images/I0043441.jpg,I0043441,images/I0043441.jpg,I0043441,images/I0043441.jpg,I0043441
I0043442,images/I0043442.jpg,I0043442,images/I0043442.jpg,I0043442,images/I0043442.jpg,I0043442
I0043443,images/I0043443.jpg,I0043443,images/I0043443.jpg,I0043443,images/I0043443.jpg,I0043443
I0043444,images/I0043444.jpg,I0043444,images/I0043444.jpg,I0043444,images/I0043444.jpg,I0043444
I0043445,images/I0043445.jpg,I0043445,images/I0043445.jpg,I0043445,images/I0043445.jpg,I0043445
I0043446,images/I0043446.jpg,I0043446,images/I0043446.jpg,I0043446,images/I0043446.jpg,I0043446
I0043449,images/I0043449.jpg,I0043449,images/I0043449.jpg,I0043449,images/I0043449.jpg,I0043449
I0043450,images/I0043450.jpg,I0043450,images/I0043450.jpg,I0043450,images/I0043450.jpg,I0043450
I0043451,images/I0043451.jpg,I0043451,images/I0043451.jpg,I0043451,images/I0043451.jpg,I0043451
I0043452,images/I0043452.jpg,I0043452,images/I0043452.jpg,I0043452,images/I0043452.jpg,I0043452
I0043453,images/I0043453.jpg,I0043453,images/I0043453.jpg,I0043453,images/I0043453.jpg,I0043453
I0043454,images/I0043454.jpg,I0043454,images/I0043454.jpg,I0043454,images/I0043454.jpg,I0043454
I0043455,images/I0043455.jpg,I0043455,images/I0043455.jpg,I0043455,images/I0043455.jpg,I0043455
I0043456,images/I0043456.jpg,I0043456,images/I0043456.jpg,I0043456,images/I0043456.jpg,I0043456
I0043457,images/I0043457.jpg,I0043457,images/I0043457.jpg,I0043457,images/I0043457.jpg,I0043457
I0043458,images/I0043458.jpg,I0043458,images/I0043458.jpg,I0043458,images/I0043458.jpg,I0043458
I0043459,images/I0043459.jpg,I0043459,images/I0043459.jpg,I0043459,images/I0043459.jpg,I0043459
I0043460,images/I0043460.jpg,I0043460,images/I0043460.jpg,I0043460,images/I0043460.jpg,I0043460
I0043461,images/I0043461.jpg,I0043461,images/I0043461.jpg,I0043461,images/I0043461.jpg,I0043461
I0043462,images/I0043462.jpg,I0043462,images/I0043462.jpg,I0043462,images/I0043462.jpg,I0043462
I0043463,images/I0043463.jpg,I0043463,images/I0043463.jpg,I0043463,images/I0043463.jpg,I0043463
I0043464,images/I0043464.jpg,I0043464,images/I0043464.jpg,I0043464,images/I0043464.jpg,I0043464
I0043465,images/I0043465.jpg,I0043465,images/I0043465.jpg,I0043465,images/I0043465.jpg,I0043465
I0043466,images/I0043466.jpg,I0043466,images/I0043466.jpg,I0043466,images/I0043466.jpg,I0043466
I0043467,images/I0043467.jpg,I0043467,images/I0043467.jpg,I0043467,images/I0043467.jpg,I0043467
I0043468,images/I0043468.jpg,I0043468,images/I0043468.jpg,I0043468,images/I0043468.jpg,I0043468
I0043469,images/I0043469.jpg,I0043469,images/I0043469.jpg,I0043469,images/I0043469.jpg,I0043469
I0043470,images/I0043470.jpg,I0043470,images/I0043470.jpg,I0043470,images/I0043470.jpg,I0043470
I0043471,images/I0043471.jpg,I0043471,images/I0043471.jpg,I0043471,images/I0043471.jpg,I0043471
I0043472,images/I0043472.jpg,I0043472,images/I0043472.jpg,I0043472,images/I0043472.jpg,I0043472
I0043473,images/I0043473.jpg,I0043473,images/I0043473.jpg,I0043473,images/I0043473.jpg,I0043473
I0043474,images/I0043474.jpg,I0043474,images/I0043474.jpg,I0043474,images/I0043474.jpg,I0043474
I0043475,images/I0043475.jpg,I0043475,images/I0043475.jpg,I0043475,images/I0043475.jpg,I0043475
I0043476,images/I0043476.jpg,I0043476,images/I0043476.jpg,I0043476,images/I0043476.jpg,I0043476
I0043477,images/I0043477.jpg,I0043477,images/I0043477.jpg,I0043477,images/I0043477.jpg,I0043477
I0043478,images/I0043478.jpg,I0043478,images/I0043478.jpg,I0043478,images/I0043478.jpg,I0043478
I0043479,images/I0043479.jpg,I0043479,images/I0043479.jpg,I0043479,images/I0043479.jpg,I0043479
I0043480,images/I0043480.jpg,I0043480,images/I0043480.jpg,I0043480,images/I0043480.jpg,I0043480
I0043481,images/I0043481.jpg,I0043481,images/I0043481.jpg,I0043481,images/I0043481.jpg,I0043481
I0043482,images/I0043482.jpg,I0043482,images/I0043482.jpg,I0043482,images/I0043482.jpg,I0043482
I0043483,images/I0043483.jpg,I0043483,images/I0043483.jpg,I0043483,images/I0043483.jpg,I0043483
I0043484,images/I0043484.jpg,I0043484,images/I0043484.jpg,I0043484,images/I0043484.jpg,I0043484
I0043485,images/I0043485.jpg,I0043485,images/I0043485.jpg,I0043485,images/I0043485.jpg,I0043485
I0043486,images/I0043486.jpg,I0043486,images/I0043486.jpg,I0043486,images/I0043486.jpg,I0043486
I0043487,images/I0043487.jpg,I0043487,images/I0043487.jpg,I0043487,images/I0043487.jpg,I0043487
I0043488,images/I0043488.jpg,I0043488,images/I0043488.jpg,I0043488,images/I0043488.jpg,I0043488
I0043489,images/I0043489.jpg,I0043489,images/I0043489.jpg,I0043489,images/I0043489.jpg,I0043489
I0043490,images/I0043490.jpg,I0043490,images/I0043490.jpg,I0043490,images/I0043490.jpg,I0043490
I0043491,images/I0043491.jpg,I0043491,images/I0043491.jpg,I0043491,images/I0043491.jpg,I0043491
I0043492,images/I0043492.jpg,I0043492,images/I0043492.jpg,I0043492,images/I0043492.jpg,I0043492
I0043493,images/I0043493.jpg,I0043493,images/I0043493.jpg,I0043493,images/I0043493.jpg,I0043493
I0043494,images/I0043494.jpg,I0043494,images/I0043494.jpg,I0043494,images/I0043494.jpg,I0043494
I0043495,images/I0043495.jpg,I0043495,images/I0043495.jpg,I0043495,images/I0043495.jpg,I0043495
I0043496,images/I0043496.jpg,I0043496,images/I0043496.jpg,I0043496,images/I0043496.jpg,I0043496
I0043497,images/I0043497.jpg,I0043497,images/I0043497.jpg,I0043497,images/I0043497.jpg,I0043497
I0043498,images/I0043498.jpg,I0043498,images/I0043498.jpg,I0043498,images/I0043498.jpg,I0043498
I0043499,images/I0043499.jpg,I0043499,images/I0043499.jpg,I0043499,images/I0043499.jpg,I0043499
I0043500,images/I0043500.jpg,I0043500,images/I0043500.jpg,I0043500,images/I0043500.jpg,I0043500
I0043501,images/I0043501.jpg,I0043501,images/I0043501.jpg,I0043501,images/I0043501.jpg,I0043501
I0043502,images/I0043502.jpg,I0043502,images/I0043502.jpg,I0043502,images/I0043502.jpg,I0043502
I0043503,images/I0043503.jpg,I0043503,images/I0043503.jpg,I0043503,images/I0043503.jpg,I0043503
I0043504,images/I0043504.jpg,I0043504,images/I0043504.jpg,I0043504,images/I0043504.jpg,I0043504
I0043505,images/I0043505.jpg,I0043505,images/I0043505.jpg,I0043505,images/I0043505.jpg,I0043505
I0043506,images/I0043506.jpg,I0043506,images/I0043506.jpg,I0043506,images/I0043506.jpg,I0043506
I0043507,images/I0043507.jpg,I0043507,images/I0043507.jpg,I0043507,images/I0043507.jpg,I0043507
I0043508,images/I0043508.jpg,I0043508,images/I0043508.jpg,I0043508,images/I0043508.jpg,I0043508
I0043509,images/I0043509.jpg,I0043509,images/I0043509.jpg,I0043509,images/I0043509.jpg,I0043509
I0043510,images/I0043510.jpg,I0043510,images/I0043510.jpg,I0043510,images/I0043510.jpg,I0043510
I0043511,images/I0043511.jpg,I0043511,images/I0043511.jpg,I0043511,images/I0043511.jpg,I0043511
I0043512,images/I0043512.jpg,I0043512,images/I0043512.jpg,I0043512,images/I0043512.jpg,I0043512
I0043513,images/I0043513.jpg,I0043513,images/I0043513.jpg,I0043513,images/I0043513.jpg,I0043513
I0043514,images/I0043514.jpg,I0043514,images/I0043514.jpg,I0043514,images/I0043514.jpg,I0043514
I0043515,images/I0043515.jpg,I0043515,images/I0043515.jpg,I0043515,images/I0043515.jpg,I0043515
I0043516,images/I0043516.jpg,I0043516,images/I0043516.jpg,I0043516,images/I0043516.jpg,I0043516
I0043517,images/I0043517.jpg,I0043517,images/I0043517.jpg,I0043517,images/I0043517.jpg,I0043517
I0043518,images/I0043518.jpg,I0043518,images/I0043518.jpg,I0043518,images/I0043518.jpg,I0043518
I0043519,images/I0043519.jpg,I0043519,images/I0043519.jpg,I0043519,images/I0043519.jpg,I0043519
I0043520,images/I0043520.jpg,I0043520,images/I0043520.jpg,I0043520,images/I0043520.jpg,I0043520
I0043521,images/I0043521.jpg,I0043521,images/I0043521.jpg,I0043521,images/I0043521.jpg,I0043521
I0043522,images/I0043522.jpg,I0043522,images/I0043522.jpg,I0043522,images/I0043522.jpg,I0043522
I0043523,images/I0043523.jpg,I0043523,images/I0043523.jpg,I0043523,images/I0043523.jpg,I0043523
I0043524,images/I0043524.jpg,I0043524,images/I0043524.jpg,I0043524,images/I0043524.jpg,I0043524
I0043525,images/I0043525.jpg,I0043525,images/I0043525.jpg,I0043525,images/I0043525.jpg,I0043525
I0043526,images/I0043526.jpg,I0043526,images/I0043526.jpg,I0043526,images/I0043526.jpg,I0043526
I0043527,images/I0043527.jpg,I0043527,images/I0043527.jpg,I0043527,images/I0043527.jpg,I0043527
I0043528,images/I0043528.jpg,I0043528,images/I0043528.jpg,I0043528,images/I0043528.jpg,I0043528
I0043529,images/I0043529.jpg,I0043529,images/I0043529.jpg,I0043529,images/I0043529.jpg,I0043529
I0043530,images/I0043530.jpg,I0043530,images/I0043530.jpg,I0043530,images/I0043530.jpg,I0043530
I0043531,images/I0043531.jpg,I0043531,images/I0043531.jpg,I0043531,images/I0043531.jpg,I0043531
I0043532,images/I0043532.jpg,I0043532,images/I0043532.jpg,I0043532,images/I0043532.jpg,I0043532
I0043533,images/I0043533.jpg,I0043533,images/I0043533.jpg,I0043533,images/I0043533.jpg,I0043533
I0043534,images/I0043534.jpg,I0043534,images/I0043534.jpg,I0043534,images/I0043534.jpg,I0043534
I0043535,images/I0043535.jpg,I0043535,images/I0043535.jpg,I0043535,images/I0043535.jpg,I0043535
I0043536,images/I0043536.jpg,I0043536,images/I0043536.jpg,I0043536,images/I0043536.jpg,I0043536
I0043537,images/I0043537.jpg,I0043537,images/I0043537.jpg,I0043537,images/I0043537.jpg,I0043537
I0043538,images/I0043538.jpg,I0043538,images/I0043538.jpg,I0043538,images/I0043538.jpg,I0043538
I0043539,images/I0043539.jpg,I0043539,images/I0043539.jpg,I0043539,images/I0043539.jpg,I0043539
I0043540,images/I0043540.jpg,I0043540,images/I0043540.jpg,I0043540,images/I0043540.jpg,I0043540
I0043541,images/I0043541.jpg,I0043541,images/I0043541.jpg,I0043541,images/I0043541.jpg,I0043541
I0043542,images/I0043542.jpg,I0043542,images/I0043542.jpg,I0043542,images/I0043542.jpg,I0043542
I0043543,images/I0043543.jpg,I0043543,images/I0043543.jpg,I0043543,images/I0043543.jpg,I0043543
I0043544,images/I0043544.jpg,I0043544,images/I0043544.jpg,I0043544,images/I0043544.jpg,I0043544
I0043545,images/I0043545.jpg,I0043545,images/I0043545.jpg,I0043545,images/I0043545.jpg,I0043545
I0043546,images/I0043546.jpg,I0043546,images/I0043546.jpg,I0043546,images/I0043546.jpg,I0043546
I0043547,images/I0043547.jpg,I0043547,images/I0043547.jpg,I0043547,images/I0043547.jpg,I0043547
I0043548,images/I0043548.jpg,I0043548,images/I0043548.jpg,I0043548,images/I0043548.jpg,I0043548
I0043549,images/I0043549.jpg,I0043549,images/I0043549.jpg,I0043549,images/I0043549.jpg,I0043549
I0043550,images/I0043550.jpg,I0043550,images/I0043550.jpg,I0043550,images/I0043550.jpg,I0043550
I0043551,images/I0043551.jpg,I0043551,images/I0043551.jpg,I0043551,images/I0043551.jpg,I0043551
I0043552,images/I0043552.jpg,I0043552,images/I0043552.jpg,I0043552,images/I0043552.jpg,I0043552
I0043553,images/I0043553.jpg,I0043553,images/I0043553.jpg,I0043553,images/I0043553.jpg,I0043553
I0043554,images/I0043554.jpg,I0043554,images/I0043554.jpg,I0043554,images/I0043554.jpg,I0043554
I0043555,images/I0043555.jpg,I0043555,images/I0043555.jpg,I0043555,images/I0043555.jpg,I0043555
I0043556,images/I0043556.jpg,I0043556,images/I0043556.jpg,I0043556,images/I0043556.jpg,I0043556
I0043557,images/I0043557.jpg,I0043557,images/I0043557.jpg,I0043557,images/I0043557.jpg,I0043557
I0043558,images/I0043558.jpg,I0043558,images/I0043558.jpg,I0043558,images/I0043558.jpg,I0043558
I0043559,images/I0043559.jpg,I0043559,images/I0043559.jpg,I0043559,images/I0043559.jpg,I0043559
I0043560,images/I0043560.jpg,I0043560,images/I0043560.jpg,I0043560,images/I0043560.jpg,I0043560
I0043561,images/I0043561.jpg,I0043561,images/I0043561.jpg,I0043561,images/I0043561.jpg,I0043561
I0043562,images/I0043562.jpg,I0043562,images/I0043562.jpg,I0043562,images/I0043562.jpg,I0043562
I0043563,images/I0043563.jpg,I0043563,images/I0043563.jpg,I0043563,images/I0043563.jpg,I0043563
I0043564,images/I0043564.jpg,I0043564,images/I0043564.jpg,I0043564,images/I0043564.jpg,I0043564
I0043565,images/I0043565.jpg,I0043565,images/I0043565.jpg,I0043565,images/I0043565.jpg,I0043565
I0043566,images/I0043566.jpg,I0043566,images/I0043566.jpg,I0043566,images/I0043566.jpg,I0043566
I0043567,images/I0043567.jpg,I0043567,images/I0043567.jpg,I0043567,images/I0043567.jpg,I0043567
I0043568,images/I0043568.jpg,I0043568,images/I0043568.jpg,I0043568,images/I0043568.jpg,I0043568
I0043569,images/I0043569.jpg,I0043569,images/I0043569.jpg,I0043569,images/I0043569.jpg,I0043569
I0043570,images/I0043570.jpg,I0043570,images/I0043570.jpg,I0043570,images/I0043570.jpg,I0043570
I0043571,images/I0043571.jpg,I0043571,images/I0043571.jpg,I0043571,images/I0043571.jpg,I0043571
I0043572,images/I0043572.jpg,I0043572,images/I0043572.jpg,I0043572,images/I0043572.jpg,I0043572
I0043573,images/I0043573.jpg,I0043573,images/I0043573.jpg,I0043573,images/I0043573.jpg,I0043573
I0043574,images/I0043574.jpg,I0043574,images/I0043574.jpg,I0043574,images/I0043574.jpg,I0043574
I0043575,images/I0043575.jpg,I0043575,images/I0043575.jpg,I0043575,images/I0043575.jpg,I0043575
I0043576,images/I0043576.jpg,I0043576,images/I0043576.jpg,I0043576,images/I0043576.jpg,I0043576
I0043577,images/I0043577.jpg,I0043577,images/I0043577.jpg,I0043577,images/I0043577.jpg,I0043577
I0043578,images/I0043578.jpg,I0043578,images/I0043578.jpg,I0043578,images/I0043578.jpg,I0043578
I0043579,images/I0043579.jpg,I0043579,images/I0043579.jpg,I0043579,images/I0043579.jpg,I0043579
I0043580,images/I0043580.jpg,I0043580,images/I0043580.jpg,I0043580,images/I0043580.jpg,I0043580
I0043581,images/I0043581.jpg,I0043581,images/I0043581.jpg,I0043581,images/I0043581.jpg,I0043581
I0043582,images/I0043582.jpg,I0043582,images/I0043582.jpg,I0043582,images/I0043582.jpg,I0043582
I0043583,images/I0043583.jpg,I0043583,images/I0043583.jpg,I0043583,images/I0043583.jpg,I0043583
I0043584,images/I0043584.jpg,I0043584,images/I0043584.jpg,I0043584,images/I0043584.jpg,I0043584
I0043585,images/I0043585.jpg,I0043585,images/I0043585.jpg,I0043585,images/I0043585.jpg,I0043585
I0043586,images/I0043586.jpg,I0043586,images/I0043586.jpg,I0043586,images/I0043586.jpg,I0043586
I0043587,images/I0043587.jpg,I0043587,images/I0043587.jpg,I0043587,images/I0043587.jpg,I0043587
I0043588,images/I0043588.jpg,I0043588,images/I0043588.jpg,I0043588,images/I0043588.jpg,I0043588
I0043589,images/I0043589.jpg,I0043589,images/I0043589.jpg,I0043589,images/I0043589.jpg,I0043589
I0043590,images/I0043590.jpg,I0043590,images/I0043590.jpg,I0043590,images/I0043590.jpg,I0043590
I0043591,images/I0043591.jpg,I0043591,images/I0043591.jpg,I0043591,images/I0043591.jpg,I0043591
I0043592,images/I0043592.jpg,I0043592,images/I0043592.jpg,I0043592,images/I0043592.jpg,I0043592
I0043593,images/I0043593.jpg,I0043593,images/I0043593.jpg,I0043593,images/I0043593.jpg,I0043593
I0043594,images/I0043594.jpg,I0043594,images/I0043594.jpg,I0043594,images/I0043594.jpg,I0043594
I0043595,images/I0043595.jpg,I0043595,images/I0043595.jpg,I0043595,images/I0043595.jpg,I0043595
I0043596,images/I0043596.jpg,I0043596,images/I0043596.jpg,I0043596,images/I0043596.jpg,I0043596
I0043597,images/I0043597.jpg,I0043597,images/I0043597.jpg,I0043597,images/I0043597.jpg,I0043597
I0043598,images/I0043598.jpg,I0043598,images/I0043598.jpg,I0043598,images/I0043598.jpg,I0043598
I0043599,images/I0043599.jpg,I0043599,images/I0043599.jpg,I0043599,images/I0043599.jpg,I0043599
I0043600,images/I0043600.jpg,I0043600,images/I0043600.jpg,I0043600,images/I0043600.jpg,I0043600
I0043601,images/I0043601.jpg,I0043601,images/I0043601.jpg,I0043601,images/I0043601.jpg,I0043601
I0043602,images/I0043602.jpg,I0043602,images/I0043602.jpg,I0043602,images/I0043602.jpg,I0043602
I0043603,images/I0043603.jpg,I0043603,images/I0043603.jpg,I0043603,images/I0043603.jpg,I0043603
I0043604,images/I0043604.jpg,I0043604,images/I0043604.jpg,I0043604,images/I0043604.jpg,I0043604
I0043605,images/I0043605.jpg,I0043605,images/I0043605.jpg,I0043605,images/I0043605.jpg,I0043605
I0043606,images/I0043606.jpg,I0043606,images/I0043606.jpg,I0043606,images/I0043606.jpg,I0043606
I0043607,images/I0043607.jpg,I0043607,images/I0043607.jpg,I0043607,images/I0043607.jpg,I0043607
I0043608,images/I0043608.jpg,I0043608,images/I0043608.jpg,I0043608,images/I0043608.jpg,I0043608
I0043609,images/I0043609.jpg,I0043609,images/I0043609.jpg,I0043609,images/I0043609.jpg,I0043609
I0043610,images/I0043610.jpg,I0043610,images/I0043610.jpg,I0043610,images/I0043610.jpg,I0043610
I0043611,images/I0043611.jpg,I0043611,images/I0043611.jpg,I0043611,images/I0043611.jpg,I0043611
I0043612,images/I0043612.jpg,I0043612,images/I0043612.jpg,I0043612,images/I0043612.jpg,I0043612
I0043613,images/I0043613.jpg,I0043613,images/I0043613.jpg,I0043613,images/I0043613.jpg,I0043613
I0043614,images/I0043614.jpg,I0043614,images/I0043614.jpg,I0043614,images/I0043614.jpg,I0043614
I0043615,images/I0043615.jpg,I0043615,images/I0043615.jpg,I0043615,images/I0043615.jpg,I0043615
I0043616,images/I0043616.jpg,I0043616,images/I0043616.jpg,I0043616,images/I0043616.jpg,I0043616
I0043617,images/I0043617.jpg,I0043617,images/I0043617.jpg,I0043617,images/I0043617.jpg,I0043617
I0043618,images/I0043618.jpg,I0043618,images/I0043618.jpg,I0043618,images/I0043618.jpg,I0043618
I0043619,images/I0043619.jpg,I0043619,images/I0043619.jpg,I0043619,images/I0043619.jpg,I0043619
I0043620,images/I0043620.jpg,I0043620,images/I0043620.jpg,I0043620,images/I0043620.jpg,I0043620
I0043621,images/I0043621.jpg,I0043621,images/I0043621.jpg,I0043621,images/I0043621.jpg,I0043621
I0043622,images/I0043622.jpg,I0043622,images/I0043622.jpg,I0043622,images/I0043622.jpg,I0043622
I0043623,images/I0043623.jpg,I0043623,images/I0043623.jpg,I0043623,images/I0043623.jpg,I0043623
I0043624,images/I0043624.jpg,I0043624,images/I0043624.jpg,I0043624,images/I0043624.jpg,I0043624
I0043625,images/I0043625.jpg,I0043625,images/I0043625.jpg,I0043625,images/I0043625.jpg,I0043625
I0043626,images/I0043626.jpg,I0043626,images/I0043626.jpg,I0043626,images/I0043626.jpg,I0043626
I0043627,images/I0043627.jpg,I0043627,images/I0043627.jpg,I0043627,images/I0043627.jpg,I0043627
I0043628,images/I0043628.jpg,I0043628,images/I0043628.jpg,I0043628,images/I0043628.jpg,I0043628
I0043629,images/I0043629.jpg,I0043629,images/I0043629.jpg,I0043629,images/I0043629.jpg,I0043629
I0043630,images/I0043630.jpg,I0043630,images/I0043630.jpg,I0043630,images/I0043630.jpg,I0043630
I0043631,images/I0043631.jpg,I0043631,images/I0043631.jpg,I0043631,images/I0043631.jpg,I0043631
I0043632,images/I0043632.jpg,I0043632,images/I0043632.jpg,I0043632,images/I0043632.jpg,I0043632
I0043633,images/I0043633.jpg,I0043633,images/I0043633.jpg,I0043633,images/I0043633.jpg,I0043633
I0043634,images/I0043634.jpg,I0043634,images/I0043634.jpg,I0043634,images/I0043634.jpg,I0043634
I0043635,images/I0043635.jpg,I0043635,images/I0043635.jpg,I0043635,images/I0043635.jpg,I0043635
I0043636,images/I0043636.jpg,I0043636,images/I0043636.jpg,I0043636,images/I0043636.jpg,I0043636
I0043637,images/I0043637.jpg,I0043637,images/I0043637.jpg,I0043637,images/I0043637.jpg,I0043637
I0043638,images/I0043638.jpg,I0043638,images/I0043638.jpg,I0043638,images/I0043638.jpg,I0043638
I0043639,images/I0043639.jpg,I0043639,images/I0043639.jpg,I0043639,images/I0043639.jpg,I0043639
I0043640,images/I0043640.jpg,I0043640,images/I0043640.jpg,I0043640,images/I0043640.jpg,I0043640
I0043641,images/I0043641.jpg,I0043641,images/I0043641.jpg,I0043641,images/I0043641.jpg,I0043641
I0043642,images/I0043642.jpg,I0043642,images/I0043642.jpg,I0043642,images/I0043642.jpg,I0043642
I0043643,images/I0043643.jpg,I0043643,images/I0043643.jpg,I0043643,images/I0043643.jpg,I0043643
I0043644,images/I0043644.jpg,I0043644,images/I0043644.jpg,I0043644,images/I0043644.jpg,I0043644
I0043645,images/I0043645.jpg,I0043645,images/I0043645.jpg,I0043645,images/I0043645.jpg,I0043645
I0043646,images/I0043646.jpg,I0043646,images/I0043646.jpg,I0043646,images/I0043646.jpg,I0043646
I0043648,images/I0043648.jpg,I0043648,images/I0043648.jpg,I0043648,images/I0043648.jpg,I0043648
I0043649,images/I0043649.jpg,I0043649,images/I0043649.jpg,I0043649,images/I0043649.jpg,I0043649
I0043650,images/I0043650.jpg,I0043650,images/I0043650.jpg,I0043650,images/I0043650.jpg,I0043650
I0043651,images/I0043651.jpg,I0043651,images/I0043651.jpg,I0043651,images/I0043651.jpg,I0043651
I0043652,images/I0043652.jpg,I0043652,images/I0043652.jpg,I0043652,images/I0043652.jpg,I0043652
I0043653,images/I0043653.jpg,I0043653,images/I0043653.jpg,I0043653,images/I0043653.jpg,I0043653
I0043654,images/I0043654.jpg,I0043654,images/I0043654.jpg,I0043654,images/I0043654.jpg,I0043654
I0043655,images/I0043655.jpg,I0043655,images/I0043655.jpg,I0043655,images/I0043655.jpg,I0043655
I0043656,images/I0043656.jpg,I0043656,images/I0043656.jpg,I0043656,images/I0043656.jpg,I0043656
I0043657,images/I0043657.jpg,I0043657,images/I0043657.jpg,I0043657,images/I0043657.jpg,I0043657
I0043658,images/I0043658.jpg,I0043658,images/I0043658.jpg,I0043658,images/I0043658.jpg,I0043658
I0043659,images/I0043659.jpg,I0043659,images/I0043659.jpg,I0043659,images/I0043659.jpg,I0043659
I0043660,images/I0043660.jpg,I0043660,images/I0043660.jpg,I0043660,images/I0043660.jpg,I0043660
I0043661,images/I0043661.jpg,I0043661,images/I0043661.jpg,I0043661,images/I0043661.jpg,I0043661
I0043662,images/I0043662.jpg,I0043662,images/I0043662.jpg,I0043662,images/I0043662.jpg,I0043662
I0043663,images/I0043663.jpg,I0043663,images/I0043663.jpg,I0043663,images/I0043663.jpg,I0043663
I0043664,images/I0043664.jpg,I0043664,images/I0043664.jpg,I0043664,images/I0043664.jpg,I0043664
I0043665,images/I0043665.jpg,I0043665,images/I0043665.jpg,I0043665,images/I0043665.jpg,I0043665
I0043666,images/I0043666.jpg,I0043666,images/I0043666.jpg,I0043666,images/I0043666.jpg,I0043666
I0043667,images/I0043667.jpg,I0043667,images/I0043667.jpg,I0043667,images/I0043667.jpg,I0043667
I0043668,images/I0043668.jpg,I0043668,images/I0043668.jpg,I0043668,images/I0043668.jpg,I0043668
I0043669,images/I0043669.jpg,I0043669,images/I0043669.jpg,I0043669,images/I0043669.jpg,I0043669
I0043670,images/I0043670.jpg,I0043670,images/I0043670.jpg,I0043670,images/I0043670.jpg,I0043670
I0043671,images/I0043671.jpg,I0043671,images/I0043671.jpg,I0043671,images/I0043671.jpg,I0043671
I0043672,images/I0043672.jpg,I0043672,images/I0043672.jpg,I0043672,images/I0043672.jpg,I0043672
I0043673,images/I0043673.jpg,I0043673,images/I0043673.jpg,I0043673,images/I0043673.jpg,I0043673
I0043674,images/I0043674.jpg,I0043674,images/I0043674.jpg,I0043674,images/I0043674.jpg,I0043674
I0043675,images/I0043675.jpg,I0043675,images/I0043675.jpg,I0043675,images/I0043675.jpg,I0043675
I0043676,images/I0043676.jpg,I0043676,images/I0043676.jpg,I0043676,images/I0043676.jpg,I0043676
I0043677,images/I0043677.jpg,I0043677,images/I0043677.jpg,I0043677,images/I0043677.jpg,I0043677
I0043678,images/I0043678.jpg,I0043678,images/I0043678.jpg,I0043678,images/I0043678.jpg,I0043678
I0043680,images/I0043680.jpg,I0043680,images/I0043680.jpg,I0043680,images/I0043680.jpg,I0043680
I0043681,images/I0043681.jpg,I0043681,images/I0043681.jpg,I0043681,images/I0043681.jpg,I0043681
I0043682,images/I0043682.jpg,I0043682,images/I0043682.jpg,I0043682,images/I0043682.jpg,I0043682
I0043683,images/I0043683.jpg,I0043683,images/I0043683.jpg,I0043683,images/I0043683.jpg,I0043683
I0043684,images/I0043684.jpg,I0043684,images/I0043684.jpg,I0043684,images/I0043684.jpg,I0043684
I0043685,images/I0043685.jpg,I0043685,images/I0043685.jpg,I0043685,images/I0043685.jpg,I0043685
I0043687,images/I0043687.jpg,I0043687,images/I0043687.jpg,I0043687,images/I0043687.jpg,I0043687
I0043688,images/I0043688.jpg,I0043688,images/I0043688.jpg,I0043688,images/I0043688.jpg,I0043688
I0043689,images/I0043689.jpg,I0043689,images/I0043689.jpg,I0043689,images/I0043689.jpg,I0043689
I0043690,images/I0043690.jpg,I0043690,images/I0043690.jpg,I0043690,images/I0043690.jpg,I0043690
I0043691,images/I0043691.jpg,I0043691,images/I0043691.jpg,I0043691,images/I0043691.jpg,I0043691
I0043692,images/I0043692.jpg,I0043692,images/I0043692.jpg,I0043692,images/I0043692.jpg,I0043692
I0043693,images/I0043693.jpg,I0043693,images/I0043693.jpg,I0043693,images/I0043693.jpg,I0043693
I0043694,images/I0043694.jpg,I0043694,images/I0043694.jpg,I0043694,images/I0043694.jpg,I0043694
I0043695,images/I0043695.jpg,I0043695,images/I0043695.jpg,I0043695,images/I0043695.jpg,I0043695
I0043696,images/I0043696.jpg,I0043696,images/I0043696.jpg,I0043696,images/I0043696.jpg,I0043696
I0043697,images/I0043697.jpg,I0043697,images/I0043697.jpg,I0043697,images/I0043697.jpg,I0043697
I0043698,images/I0043698.jpg,I0043698,images/I0043698.jpg,I0043698,images/I0043698.jpg,I0043698
I0043699,images/I0043699.jpg,I0043699,images/I0043699.jpg,I0043699,images/I0043699.jpg,I0043699
I0043700,images/I0043700.jpg,I0043700,images/I0043700.jpg,I0043700,images/I0043700.jpg,I0043700
I0043701,images/I0043701.jpg,I0043701,images/I0043701.jpg,I0043701,images/I0043701.jpg,I0043701
I0043702,images/I0043702.jpg,I0043702,images/I0043702.jpg,I0043702,images/I0043702.jpg,I0043702
I0043703,images/I0043703.jpg,I0043703,images/I0043703.jpg,I0043703,images/I0043703.jpg,I0043703
