sku,manage_stock,is_in_stock
I0000001,1,0
I0000002,1,1
I0000003,1,0
I0000004,1,0
I0000005,1,0
I0000006,1,1
I0000007,1,1
I0000008,1,0
I0000009,1,0
I0000010,1,0
I0000011,1,0
I0000012,1,0
I0000013,1,1
I0000014,1,0
I0000015,1,0
I0000016,1,0
I0000017,1,0
I0000018,1,0
I0000019,1,1
I0000020,1,1
I0000021,1,1
I0000022,1,1
I0000023,1,1
I0000024,1,1
I0000025,1,1
I0000026,1,1
I0000027,1,1
I0000028,1,1
I0000029,1,0
I0000030,1,0
I0000031,1,0
I0000032,1,0
I0000033,1,0
I0000034,1,0
I0000035,1,0
I0000036,1,0
I0000037,1,0
I0000038,1,0
I0000039,1,0
I0000040,1,0
I0000041,1,0
I0000042,1,0
I0000043,1,0
I0000044,1,0
I0000045,1,0
I0000046,1,0
I0000047,1,1
I0000048,1,0
I0000049,1,0
I0000050,1,0
I0000051,1,0
I0000052,1,0
I0000053,1,0
I0000054,1,0
I0000055,1,0
I0000056,1,1
I0000057,1,0
I0000058,1,1
I0000059,1,1
I0000060,1,0
I0000061,1,0
I0000062,1,0
I0000063,1,0
I0000064,1,0
I0000065,1,0
I0000066,1,0
I0000067,1,0
I0000068,1,1
I0000069,1,1
I0000070,1,0
I0000071,1,0
I0000072,1,0
I0000073,1,0
I0000074,1,0
I0000075,1,0
I0000076,1,0
I0000077,1,0
I0000078,1,0
I0000079,1,0
I0000080,1,0
I0000081,1,1
I0000082,1,0
I0000083,1,0
I0000084,1,0
I0000085,1,0
I0000086,1,0
I0000087,1,0
I0000088,1,0
I0000089,1,0
I0000090,1,0
I0000091,1,0
I0000092,1,0
I0000093,1,0
I0000094,1,0
I0000095,1,0
I0000096,1,0
I0000097,1,0
I0000098,1,0
I0000099,1,1
I0000100,1,0
I0000101,1,0
I0000102,1,0
I0000103,1,1
I0000104,1,0
I0000105,1,0
I0000106,1,0
I0000107,1,0
I0000108,1,0
I0000109,1,0
I0000110,1,0
I0000111,1,0
I0000112,1,0
I0000113,1,0
I0000114,1,1
I0000115,1,0
I0000116,1,0
I0000119,1,0
I0000120,1,0
I0000121,1,1
I0000122,1,0
I0000123,1,0
I0000124,1,0
I0000125,1,1
I0000126,1,0
I0000127,1,0
I0000128,1,1
I0000129,1,1
I0000130,1,0
I0000131,1,0
I0000132,1,0
I0000133,1,1
I0000134,1,0
I0000135,1,0
I0000136,1,0
I0000137,1,0
I0000138,1,1
I0000139,1,0
I0000140,1,0
I0000141,1,0
I0000142,1,0
I0000143,1,0
I0000144,1,0
I0000145,1,0
I0000146,1,0
I0000147,1,0
I0000148,1,0
I0000149,1,1
I0000150,1,0
I0000151,1,1
I0000152,1,1
I0000153,1,0
I0000154,1,1
I0000155,1,0
I0000156,1,0
I0000157,1,1
I0000158,1,1
I0000159,1,1
I0000160,1,1
I0000161,1,1
I0000162,1,1
I0000163,1,1
I0000164,1,0
I0000165,1,0
I0000166,1,0
I0000167,1,0
I0000168,1,0
I0000169,1,0
I0000170,1,0
I0000171,1,0
I0000172,1,1
I0000173,1,0
I0000174,1,1
I0000175,1,0
I0000176,1,1
I0000177,1,0
I0000178,1,0
I0000179,1,0
I0000180,1,0
I0000181,1,0
I0000182,1,0
I0000183,1,0
I0000184,1,0
I0000185,1,0
I0000186,1,1
I0000187,1,1
I0000188,1,0
I0000189,1,0
I0000190,1,1
I0000191,1,1
I0000192,1,0
I0000193,1,0
I0000194,1,0
I0000195,1,0
I0000196,1,0
I0000197,1,0
I0000198,1,0
I0000199,1,1
I0000200,1,0
I0000201,1,0
I0000202,1,0
I0000203,1,0
I0000204,1,0
I0000205,1,0
I0000206,1,0
I0000207,1,0
I0000208,1,0
I0000209,1,0
I0000210,1,0
I0000211,1,1
I0000212,1,1
I0000213,1,1
I0000214,1,0
I0000215,1,0
I0000216,1,0
I0000217,1,0
I0000218,1,0
I0000219,1,0
I0000220,1,0
I0000221,1,0
I0000222,1,0
I0000223,1,0
I0000224,1,0
I0000225,1,0
I0000226,1,0
I0000227,1,0
I0000228,1,1
I0000229,1,1
I0000230,1,0
I0000231,1,0
I0000232,1,0
I0000233,1,0
I0000234,1,0
I0000235,1,0
I0000236,1,0
I0000237,1,1
I0000238,1,1
I0000239,1,1
I0000240,1,0
I0000241,1,0
I0000242,1,1
I0000243,1,0
I0000244,1,0
I0000245,1,1
I0000246,1,0
I0000247,1,0
I0000248,1,0
I0000249,1,0
I0000250,1,0
I0000251,1,1
I0000252,1,0
I0000253,1,0
I0000254,1,0
I0000255,1,0
I0000256,1,0
I0000257,1,0
I0000258,1,0
I0000259,1,0
I0000260,1,0
I0000261,1,0
I0000262,1,0
I0000263,1,1
I0000264,1,0
I0000265,1,0
I0000266,1,1
I0000267,1,0
I0000268,1,0
I0000269,1,0
I0000270,1,0
I0000271,1,0
I0000272,1,0
I0000273,1,1
I0000274,1,1
I0000275,1,0
I0000276,1,0
I0000277,1,0
I0000278,1,0
I0000279,1,1
I0000280,1,1
I0000281,1,0
I0000282,1,1
I0000283,1,0
I0000284,1,0
I0000285,1,0
I0000286,1,0
I0000287,1,0
I0000288,1,0
I0000289,1,1
I0000290,1,1
I0000291,1,1
I0000292,1,0
I0000293,1,0
I0000294,1,0
I0000295,1,1
I0000296,1,0
I0000297,1,0
I0000298,1,0
I0000299,1,1
I0000300,1,1
I0000301,1,0
I0000302,1,0
I0000303,1,0
I0000304,1,0
I0000305,1,0
I0000306,1,0
I0000307,1,0
I0000308,1,0
I0000309,1,0
I0000310,1,0
I0000311,1,0
I0000312,1,0
I0000313,1,0
I0000314,1,0
I0000315,1,0
I0000316,1,0
I0000317,1,0
I0000318,1,0
I0000319,1,0
I0000320,1,0
I0000321,1,0
I0000322,1,0
I0000323,1,0
I0000324,1,1
I0000325,1,0
I0000326,1,1
I0000327,1,0
I0000328,1,0
I0000329,1,0
I0000330,1,1
I0000331,1,0
I0000332,1,0
I0000333,1,1
I0000334,1,1
I0000335,1,1
I0000336,1,0
I0000337,1,0
I0000338,1,1
I0000339,1,0
I0000340,1,0
I0000341,1,0
I0000342,1,1
I0000343,1,0
I0000344,1,0
I0000345,1,0
I0000346,1,0
I0000347,1,0
I0000348,1,0
I0000349,1,0
I0000350,1,0
I0000351,1,0
I0000352,1,0
I0000353,1,1
I0000354,1,0
I0000355,1,1
I0000356,1,0
I0000357,1,1
I0000358,1,1
I0000359,1,1
I0000360,1,1
I0000361,1,1
I0000362,1,1
I0000363,1,1
I0000364,1,0
I0000365,1,1
I0000366,1,1
I0000367,1,1
I0000368,1,1
I0000369,1,1
I0000370,1,1
I0000371,1,1
I0000372,1,0
I0000373,1,1
I0000374,1,0
I0000375,1,0
I0000376,1,1
I0000377,1,0
I0000378,1,1
I0000379,1,0
I0000380,1,1
I0000381,1,1
I0000382,1,1
I0000383,1,1
I0000384,1,1
I0000385,1,1
I0000386,1,1
I0000387,1,1
I0000388,1,1
I0000389,1,1
I0000390,1,1
I0000391,1,1
I0000392,1,0
I0000393,1,0
I0000394,1,0
I0000395,1,1
I0000396,1,1
I0000397,1,0
I0000398,1,1
I0000399,1,0
I0000400,1,1
I0000401,1,1
I0000402,1,1
I0000403,1,0
I0000404,1,0
I0000405,1,0
I0000406,1,0
I0000407,1,0
I0000408,1,0
I0000409,1,0
I0000410,1,1
I0000411,1,1
I0000412,1,0
I0000413,1,0
I0000414,1,1
I0000415,1,1
I0000416,1,1
I0000417,1,1
I0000418,1,1
I0000419,1,1
I0000420,1,0
I0000421,1,0
I0000422,1,1
I0000423,1,1
I0000424,1,0
I0000425,1,1
I0000426,1,0
I0000427,1,1
I0000428,1,1
I0000429,1,1
I0000430,1,0
I0000431,1,0
I0000432,1,1
I0000433,1,1
I0000434,1,1
I0000435,1,1
I0000436,1,1
I0000437,1,0
I0000438,1,0
I0000439,1,1
I0000440,1,1
I0000441,1,1
I0000442,1,1
I0000443,1,1
I0000444,1,1
I0000445,1,1
I0000446,1,1
I0000447,1,0
I0000448,1,1
I0000449,1,0
I0000450,1,1
I0000451,1,1
I0000452,1,1
I0000453,1,0
I0000454,1,0
I0000455,1,0
I0000456,1,1
I0000457,1,0
I0000458,1,1
I0000459,1,1
I0000460,1,1
I0000461,1,1
I0000462,1,1
I0000463,1,1
I0000464,1,1
I0000465,1,1
I0000466,1,1
I0000467,1,0
I0000468,1,1
I0000469,1,1
I0000470,1,1
I0000471,1,1
I0000472,1,1
I0000473,1,0
I0000474,1,0
I0000475,1,0
I0000476,1,1
I0000477,1,1
I0000478,1,1
I0000479,1,1
I0000480,1,1
I0000481,1,0
I0000482,1,1
I0000483,1,1
I0000484,1,0
I0000485,1,0
I0000486,1,0
I0000487,1,1
I0000488,1,1
I0000489,1,0
I0000490,1,0
I0000491,1,0
I0000492,1,1
I0000493,1,1
I0000494,1,0
I0000495,1,1
I0000496,1,1
I0000497,1,1
I0000498,1,0
I0000499,1,1
I0000500,1,1
I0000501,1,1
I0000502,1,1
I0000503,1,0
I0000504,1,1
I0000505,1,1
I0000506,1,1
I0000507,1,1
I0000508,1,1
I0000509,1,1
I0000510,1,1
I0000511,1,1
I0000512,1,1
I0000513,1,1
I0000514,1,1
I0000515,1,1
I0000516,1,1
I0000517,1,1
I0000518,1,0
I0000519,1,0
I0000520,1,1
I0000521,1,0
I0000522,1,1
I0000523,1,0
I0000524,1,0
I0000525,1,0
I0000526,1,0
I0000527,1,1
I0000528,1,0
I0000529,1,0
I0000530,1,0
I0000531,1,0
I0000532,1,0
I0000533,1,0
I0000534,1,0
I0000535,1,0
I0000536,1,0
I0000537,1,1
I0000538,1,0
I0000539,1,1
I0000540,1,0
I0000541,1,0
I0000542,1,1
I0000543,1,1
I0000544,1,1
I0000545,1,1
I0000546,1,1
I0000547,1,0
I0000548,1,1
I0000549,1,0
I0000550,1,1
I0000551,1,1
I0000552,1,0
I0000553,1,1
I0000554,1,0
I0000555,1,0
I0000556,1,0
I0000557,1,0
I0000558,1,0
I0000559,1,1
I0000560,1,0
I0000561,1,0
I0000562,1,0
I0000563,1,0
I0000564,1,1
I0000565,1,0
I0000566,1,0
I0000567,1,0
I0000568,1,0
I0000569,1,0
I0000570,1,0
I0000571,1,0
I0000572,1,1
I0000573,1,1
I0000574,1,0
I0000575,1,0
I0000576,1,0
I0000577,1,0
I0000578,1,1
I0000579,1,1
I0000580,1,0
I0000581,1,0
I0000582,1,0
I0000583,1,0
I0000584,1,1
I0000585,1,0
I0000586,1,1
I0000587,1,1
I0000588,1,1
I0000589,1,1
I0000590,1,1
I0000591,1,1
I0000592,1,1
I0000593,1,0
I0000594,1,1
I0000595,1,0
I0000596,1,1
I0000597,1,1
I0000598,1,1
I0000599,1,0
I0000600,1,0
I0000601,1,1
I0000602,1,1
I0000603,1,1
I0000604,1,1
I0000605,1,0
I0000606,1,1
I0000607,1,0
I0000608,1,1
I0000609,1,0
I0000610,1,1
I0000611,1,1
I0000612,1,0
I0000613,1,1
I0000614,1,1
I0000615,1,0
I0000616,1,1
I0000617,1,1
I0000618,1,0
I0000619,1,0
I0000620,1,0
I0000621,1,0
I0000622,1,1
I0000623,1,1
I0000624,1,1
I0000625,1,1
I0000626,1,0
I0000627,1,0
I0000628,1,0
I0000629,1,0
I0000630,1,1
I0000631,1,1
I0000632,1,0
I0000633,1,1
I0000634,1,1
I0000635,1,0
I0000636,1,1
I0000637,1,1
I0000638,1,1
I0000639,1,1
I0000640,1,0
I0000641,1,1
I0000642,1,0
I0000643,1,1
I0000644,1,1
I0000645,1,1
I0000646,1,0
I0000647,1,0
I0000648,1,1
I0000649,1,1
I0000650,1,1
I0000651,1,1
I0000652,1,0
I0000653,1,0
I0000654,1,1
I0000655,1,1
I0000656,1,0
I0000657,1,1
I0000658,1,1
I0000659,1,0
I0000660,1,0
I0000661,1,0
I0000662,1,0
I0000663,1,0
I0000664,1,0
I0000665,1,0
I0000666,1,1
I0000667,1,0
I0000668,1,0
I0000669,1,0
I0000670,1,1
I0000671,1,0
I0000672,1,0
I0000673,1,1
I0000674,1,0
I0000675,1,0
I0000676,1,1
I0000677,1,0
I0000678,1,0
I0000679,1,1
I0000680,1,1
I0000681,1,1
I0000682,1,1
I0000683,1,0
I0000684,1,0
I0000685,1,0
I0000686,1,1
I0000687,1,0
I0000688,1,0
I0000689,1,1
I0000690,1,0
I0000691,1,0
I0000692,1,1
I0000693,1,0
I0000694,1,0
I0000695,1,1
I0000696,1,0
I0000697,1,0
I0000698,1,0
I0000699,1,0
I0000700,1,1
I0000701,1,0
I0000702,1,1
I0000703,1,1
I0000704,1,1
I0000705,1,0
I0000706,1,0
I0000707,1,0
I0000708,1,0
I0000709,1,0
I0000710,1,0
I0000711,1,0
I0000712,1,0
I0000713,1,0
I0000714,1,0
I0000715,1,1
I0000716,1,1
I0000717,1,0
I0000718,1,0
I0000719,1,1
I0000720,1,0
I0000721,1,1
I0000722,1,0
I0000723,1,0
I0000724,1,0
I0000725,1,0
I0000726,1,0
I0000727,1,0
I0000728,1,0
I0000729,1,0
I0000730,1,1
I0000731,1,0
I0000732,1,0
I0000733,1,1
I0000734,1,1
I0000735,1,1
I0000736,1,0
I0000737,1,0
I0000738,1,0
I0000739,1,1
I0000740,1,1
I0000741,1,0
I0000742,1,1
I0000743,1,1
I0000744,1,1
I0000745,1,1
I0000746,1,0
I0000747,1,1
I0000748,1,0
I0000749,1,1
I0000750,1,1
I0000751,1,1
I0000752,1,1
I0000753,1,1
I0000754,1,0
I0000755,1,0
I0000756,1,0
I0000757,1,0
I0000758,1,0
I0000759,1,0
I0000760,1,0
I0000761,1,0
I0000762,1,0
I0000763,1,0
I0000764,1,1
I0000765,1,0
I0000766,1,0
I0000767,1,0
I0000768,1,0
I0000769,1,1
I0000770,1,0
I0000771,1,0
I0000772,1,0
I0000773,1,1
I0000774,1,1
I0000775,1,0
I0000776,1,1
I0000777,1,0
I0000778,1,0
I0000779,1,1
I0000780,1,0
I0000781,1,0
I0000782,1,0
I0000783,1,1
I0000784,1,0
I0000785,1,1
I0000786,1,0
I0000787,1,0
I0000788,1,0
I0000789,1,0
I0000790,1,0
I0000791,1,0
I0000792,1,1
I0000793,1,0
I0000794,1,1
I0000795,1,1
I0000796,1,1
I0000797,1,1
I0000798,1,1
I0000799,1,0
I0000800,1,1
I0000801,1,0
I0000802,1,0
I0000803,1,0
I0000804,1,0
I0000805,1,0
I0000806,1,1
I0000807,1,0
I0000808,1,0
I0000809,1,0
I0000810,1,0
I0000811,1,1
I0000812,1,1
I0000813,1,1
I0000814,1,1
I0000815,1,1
I0000816,1,1
I0000817,1,1
I0000818,1,1
I0000819,1,1
I0000820,1,0
I0000821,1,0
I0000822,1,1
I0000823,1,0
I0000824,1,0
I0000825,1,0
I0000826,1,1
I0000827,1,1
I0000828,1,0
I0000829,1,1
I0000830,1,1
I0000831,1,1
I0000832,1,0
I0000833,1,1
I0000834,1,0
I0000835,1,1
I0000836,1,1
I0000837,1,1
I0000838,1,0
I0000839,1,1
I0000840,1,1
I0000841,1,0
I0000842,1,1
I0000843,1,1
I0000844,1,0
I0000845,1,1
I0000846,1,1
I0000847,1,1
I0000848,1,1
I0000849,1,0
I0000850,1,0
I0000851,1,1
I0000852,1,1
I0000853,1,0
I0000854,1,0
I0000855,1,0
I0000856,1,0
I0000857,1,0
I0000858,1,0
I0000859,1,1
I0000860,1,0
I0000861,1,0
I0000862,1,0
I0000863,1,1
I0000864,1,1
I0000865,1,0
I0000866,1,1
I0000867,1,0
I0000868,1,0
I0000869,1,1
I0000870,1,1
I0000871,1,0
I0000872,1,0
I0000873,1,0
I0000874,1,0
I0000875,1,0
I0000876,1,1
I0000877,1,1
I0000878,1,1
I0000879,1,1
I0000880,1,0
I0000881,1,0
I0000882,1,1
I0000883,1,1
I0000884,1,0
I0000885,1,1
I0000886,1,1
I0000887,1,0
I0000888,1,0
I0000889,1,0
I0000890,1,1
I0000891,1,0
I0000892,1,0
I0000893,1,0
I0000894,1,0
I0000895,1,0
I0000896,1,0
I0000897,1,0
I0000898,1,0
I0000899,1,0
I0000900,1,0
I0000901,1,0
I0000902,1,0
I0000903,1,0
I0000904,1,1
I0000905,1,1
I0000906,1,0
I0000907,1,0
I0000908,1,1
I0000909,1,1
I0000910,1,0
I0000911,1,1
I0000912,1,0
I0000913,1,0
I0000914,1,1
I0000915,1,1
I0000916,1,1
I0000917,1,1
I0000918,1,1
I0000919,1,0
I0000920,1,1
I0000921,1,0
I0000922,1,1
I0000923,1,0
I0000924,1,0
I0000925,1,0
I0000926,1,0
I0000927,1,0
I0000928,1,1
I0000929,1,1
I0000930,1,1
I0000931,1,1
I0000932,1,0
I0000933,1,1
I0000934,1,1
I0000935,1,0
I0000936,1,1
I0000937,1,1
I0000938,1,0
I0000939,1,0
I0000940,1,1
I0000941,1,0
I0000942,1,0
I0000943,1,1
I0000944,1,0
I0000945,1,0
I0000946,1,0
I0000947,1,0
I0000948,1,0
I0000949,1,0
I0000950,1,1
I0000951,1,1
I0000952,1,1
I0000953,1,0
I0000954,1,0
I0000955,1,0
I0000956,1,0
I0000957,1,0
I0000958,1,1
I0000959,1,0
I0000960,1,1
I0000961,1,0
I0000962,1,1
I0000963,1,0
I0000964,1,0
I0000965,1,0
I0000966,1,1
I0000967,1,0
I0000968,1,1
I0000969,1,1
I0000970,1,0
I0000971,1,0
I0000972,1,0
I0000973,1,1
I0000974,1,0
I0000975,1,1
I0000976,1,0
I0000977,1,1
I0000978,1,0
I0000979,1,1
I0000980,1,1
I0000981,1,1
I0000982,1,0
I0000983,1,0
I0000984,1,0
I0000985,1,0
I0000986,1,0
I0000987,1,0
I0000988,1,0
I0000989,1,1
I0000990,1,1
I0000991,1,1
I0000992,1,1
I0000993,1,0
I0000994,1,0
I0000995,1,1
I0000996,1,1
I0000997,1,1
I0000998,1,1
I0000999,1,0
I0001000,1,1
I0001001,1,0
I0001002,1,1
I0001003,1,0
I0001004,1,1
I0001005,1,0
I0001006,1,0
I0001007,1,1
I0001008,1,0
I0001009,1,0
I0001010,1,0
I0001011,1,1
I0001012,1,1
I0001013,1,1
I0001014,1,1
I0001015,1,1
I0001016,1,0
I0001017,1,1
I0001018,1,0
I0001019,1,1
I0001020,1,0
I0001021,1,1
I0001022,1,1
I0001023,1,0
I0001024,1,1
I0001025,1,0
I0001026,1,0
I0001027,1,1
I0001028,1,1
I0001029,1,0
I0001030,1,0
I0001031,1,0
I0001032,1,1
I0001033,1,0
I0001034,1,1
I0001035,1,1
I0001036,1,1
I0001037,1,1
I0001038,1,1
I0001039,1,0
I0001040,1,1
I0001041,1,1
I0001042,1,0
I0001043,1,0
I0001044,1,0
I0001045,1,0
I0001046,1,1
I0001047,1,0
I0001048,1,0
I0001049,1,1
I0001050,1,1
I0001051,1,1
I0001052,1,1
I0001053,1,0
I0001054,1,0
I0001055,1,1
I0001056,1,0
I0001057,1,0
I0001058,1,0
I0001059,1,0
I0001060,1,1
I0001061,1,0
I0001062,1,1
I0001063,1,1
I0001064,1,0
I0001065,1,0
I0001066,1,0
I0001067,1,0
I0001068,1,0
I0001069,1,1
I0001070,1,0
I0001071,1,0
I0001072,1,1
I0001073,1,0
I0001074,1,0
I0001075,1,1
I0001076,1,0
I0001077,1,0
I0001078,1,0
I0001079,1,0
I0001080,1,0
I0001081,1,1
I0001082,1,0
I0001083,1,1
I0001084,1,0
I0001085,1,1
I0001086,1,1
I0001087,1,0
I0001088,1,1
I0001089,1,1
I0001090,1,1
I0001091,1,0
I0001092,1,0
I0001093,1,0
I0001094,1,0
I0001095,1,0
I0001096,1,0
I0001097,1,1
I0001098,1,1
I0001099,1,1
I0001100,1,0
I0001101,1,1
I0001102,1,0
I0001103,1,0
I0001104,1,0
I0001105,1,1
I0001106,1,0
I0001107,1,1
I0001108,1,0
I0001109,1,1
I0001110,1,1
I0001111,1,1
I0001112,1,0
I0001113,1,0
I0001114,1,1
I0001115,1,1
I0001116,1,0
I0001117,1,0
I0001118,1,0
I0001119,1,0
I0001120,1,0
I0001121,1,1
I0001122,1,0
I0001123,1,1
I0001124,1,0
I0001125,1,0
I0001126,1,0
I0001127,1,0
I0001128,1,1
I0001129,1,1
I0001130,1,1
I0001131,1,1
I0001132,1,1
I0001133,1,1
I0001134,1,0
I0001135,1,0
I0001136,1,0
I0001137,1,0
I0001138,1,0
I0001139,1,0
I0001140,1,1
I0001141,1,0
I0001142,1,0
I0001143,1,0
I0001144,1,1
I0001145,1,1
I0001146,1,1
I0001147,1,1
I0001148,1,1
I0001149,1,0
I0001150,1,0
I0001151,1,0
I0001152,1,1
I0001153,1,0
I0001154,1,0
I0001155,1,0
I0001156,1,1
I0001157,1,0
I0001158,1,0
I0001159,1,0
I0001160,1,1
I0001161,1,0
I0001162,1,0
I0001163,1,1
I0001164,1,1
I0001165,1,1
I0001166,1,1
I0001167,1,1
I0001168,1,0
I0001169,1,0
I0001170,1,0
I0001171,1,0
I0001172,1,0
I0001173,1,0
I0001174,1,0
I0001175,1,0
I0001176,1,0
I0001177,1,0
I0001178,1,1
I0001179,1,1
I0001180,1,0
I0001181,1,0
I0001182,1,0
I0001183,1,1
I0001184,1,0
I0001185,1,0
I0001186,1,1
I0001187,1,1
I0001188,1,1
I0001189,1,1
I0001190,1,1
I0001191,1,0
I0001192,1,1
I0001193,1,1
I0001194,1,0
I0001195,1,0
I0001196,1,0
I0001197,1,1
I0001198,1,1
I0001199,1,0
I0001200,1,0
I0001201,1,1
I0001202,1,1
I0001203,1,0
I0001204,1,1
I0001205,1,0
I0001206,1,1
I0001207,1,0
I0001208,1,0
I0001209,1,0
I0001210,1,0
I0001211,1,0
I0001212,1,1
I0001213,1,0
I0001214,1,0
I0001215,1,0
I0001216,1,1
I0001217,1,0
I0001218,1,0
I0001219,1,0
I0001220,1,0
I0001221,1,0
I0001222,1,0
I0001223,1,0
I0001224,1,0
I0001225,1,0
I0001226,1,0
I0001227,1,1
I0001228,1,0
I0001229,1,1
I0001230,1,1
I0001231,1,1
I0001232,1,0
I0001233,1,0
I0001234,1,1
I0001235,1,1
I0001236,1,1
I0001237,1,0
I0001238,1,0
I0001239,1,0
I0001240,1,0
I0001241,1,0
I0001242,1,1
I0001243,1,1
I0001244,1,1
I0001245,1,1
I0001246,1,1
I0001247,1,1
I0001248,1,1
I0001249,1,0
I0001250,1,1
I0001251,1,1
I0001252,1,1
I0001253,1,1
I0001254,1,1
I0001255,1,1
I0001256,1,1
I0001257,1,1
I0001258,1,1
I0001259,1,1
I0001260,1,1
I0001261,1,1
I0001262,1,0
I0001263,1,0
I0001264,1,1
I0001265,1,0
I0001266,1,1
I0001267,1,1
I0001268,1,1
I0001269,1,1
I0001270,1,0
I0001271,1,0
I0001272,1,1
I0001273,1,0
I0001274,1,0
I0001275,1,0
I0001276,1,0
I0001277,1,1
I0001278,1,0
I0001279,1,1
I0001280,1,1
I0001281,1,1
I0001282,1,0
I0001283,1,1
I0001284,1,1
I0001285,1,1
I0001286,1,0
I0001287,1,0
I0001288,1,0
I0001289,1,0
I0001290,1,1
I0001291,1,1
I0001292,1,0
I0001293,1,0
I0001294,1,0
I0001295,1,0
I0001296,1,0
I0001297,1,0
I0001298,1,1
I0001299,1,0
I0001300,1,0
I0001301,1,0
I0001302,1,1
I0001303,1,0
I0001304,1,0
I0001305,1,0
I0001306,1,0
I0001307,1,0
I0001308,1,1
I0001309,1,1
I0001310,1,1
I0001311,1,1
I0001312,1,0
I0001313,1,0
I0001314,1,1
I0001315,1,0
I0001316,1,1
I0001317,1,0
I0001318,1,0
I0001319,1,0
I0001320,1,0
I0001321,1,0
I0001322,1,1
I0001323,1,0
I0001324,1,1
I0001325,1,0
I0001326,1,0
I0001327,1,1
I0001328,1,0
I0001329,1,1
I0001330,1,1
I0001331,1,0
I0001332,1,0
I0001333,1,1
I0001334,1,1
I0001335,1,1
I0001336,1,0
I0001337,1,0
I0001338,1,1
I0001339,1,1
I0001340,1,1
I0001341,1,1
I0001342,1,1
I0001343,1,1
I0001344,1,1
I0001345,1,1
I0001346,1,1
I0001347,1,0
I0001348,1,0
I0001349,1,0
I0001350,1,1
I0001351,1,1
I0001352,1,1
I0001353,1,1
I0001354,1,1
I0001355,1,1
I0001356,1,1
I0001357,1,1
I0001358,1,0
I0001359,1,0
I0001360,1,0
I0001361,1,1
I0001362,1,1
I0001363,1,0
I0001364,1,1
I0001365,1,0
I0001366,1,0
I0001367,1,0
I0001368,1,0
I0001369,1,0
I0001370,1,1
I0001371,1,1
I0001372,1,1
I0001373,1,1
I0001374,1,0
I0001375,1,0
I0001376,1,1
I0001377,1,1
I0001378,1,1
I0001379,1,1
I0001380,1,0
I0001381,1,1
I0001382,1,0
I0001383,1,0
I0001384,1,1
I0001385,1,0
I0001386,1,1
I0001387,1,1
I0001388,1,1
I0001389,1,1
I0001390,1,1
I0001391,1,0
I0001392,1,0
I0001393,1,0
I0001394,1,1
I0001395,1,0
I0001396,1,0
I0001397,1,1
I0001398,1,0
I0001399,1,0
I0001400,1,0
I0001401,1,1
I0001402,1,0
I0001403,1,0
I0001404,1,0
I0001405,1,0
I0001406,1,0
I0001407,1,1
I0001408,1,1
I0001409,1,0
I0001410,1,1
I0001411,1,1
I0001412,1,1
I0001413,1,1
I0001414,1,1
I0001415,1,1
I0001416,1,0
I0001417,1,1
I0001418,1,1
I0001419,1,0
I0001420,1,1
I0001421,1,1
I0001422,1,1
I0001423,1,1
I0001424,1,1
I0001425,1,1
I0001426,1,1
I0001427,1,1
I0001428,1,0
I0001429,1,1
I0001430,1,1
I0001431,1,1
I0001432,1,0
I0001433,1,0
I0001434,1,1
I0001435,1,0
I0001436,1,1
I0001437,1,1
I0001438,1,1
I0001439,1,1
I0001440,1,0
I0001441,1,1
I0001442,1,0
I0001443,1,0
I0001444,1,0
I0001445,1,0
I0001446,1,0
I0001447,1,0
I0001448,1,1
I0001449,1,1
I0001450,1,0
I0001451,1,1
I0001452,1,1
I0001453,1,1
I0001454,1,1
I0001455,1,0
I0001456,1,1
I0001457,1,1
I0001458,1,1
I0001459,1,1
I0001460,1,0
I0001461,1,1
I0001462,1,0
I0001463,1,1
I0001464,1,0
I0001465,1,0
I0001466,1,1
I0001467,1,0
I0001468,1,1
I0001469,1,1
I0001470,1,1
I0001471,1,0
I0001472,1,1
I0001473,1,1
I0001474,1,0
I0001475,1,1
I0001476,1,1
I0001477,1,0
I0001478,1,1
I0001479,1,1
I0001480,1,0
I0001481,1,1
I0001482,1,1
I0001483,1,0
I0001484,1,1
I0001485,1,0
I0001486,1,1
I0001487,1,1
I0001488,1,1
I0001489,1,0
I0001490,1,0
I0001491,1,1
I0001492,1,1
I0001493,1,1
I0001494,1,1
I0001495,1,1
I0001496,1,1
I0001497,1,1
I0001498,1,1
I0001499,1,0
I0001500,1,1
I0001501,1,1
I0001502,1,0
I0001503,1,0
I0001504,1,0
I0001505,1,0
I0001506,1,0
I0001507,1,1
I0001508,1,0
I0001509,1,1
I0001510,1,0
I0001511,1,0
I0001512,1,1
I0001513,1,0
I0001514,1,0
I0001515,1,0
I0001516,1,0
I0001517,1,0
I0001518,1,0
I0001519,1,0
I0001520,1,1
I0001521,1,0
I0001522,1,0
I0001523,1,0
I0001524,1,0
I0001525,1,0
I0001526,1,0
I0001527,1,1
I0001528,1,1
I0001529,1,0
I0001530,1,0
I0001531,1,1
I0001532,1,0
I0001533,1,0
I0001534,1,0
I0001535,1,0
I0001536,1,1
I0001537,1,0
I0001538,1,0
I0001539,1,1
I0001540,1,0
I0001541,1,0
I0001542,1,0
I0001543,1,1
I0001544,1,0
I0001545,1,0
I0001546,1,1
I0001547,1,1
I0001548,1,1
I0001549,1,1
I0001550,1,0
I0001551,1,1
I0001552,1,0
I0001553,1,1
I0001554,1,1
I0001555,1,1
I0001556,1,0
I0001557,1,1
I0001558,1,1
I0001559,1,1
I0001560,1,0
I0001561,1,1
I0001562,1,0
I0001563,1,1
I0001564,1,1
I0001565,1,1
I0001566,1,1
I0001567,1,1
I0001568,1,0
I0001569,1,0
I0001570,1,1
I0001571,1,1
I0001572,1,1
I0001573,1,0
I0001574,1,0
I0001575,1,1
I0001576,1,0
I0001577,1,0
I0001578,1,0
I0001579,1,0
I0001580,1,0
I0001581,1,1
I0001582,1,0
I0001583,1,0
I0001584,1,1
I0001585,1,0
I0001586,1,1
I0001587,1,1
I0001588,1,0
I0001589,1,1
I0001590,1,0
I0001591,1,0
I0001592,1,1
I0001593,1,0
I0001594,1,0
I0001595,1,0
I0001596,1,1
I0001597,1,1
I0001598,1,0
I0001599,1,0
I0001600,1,0
I0001601,1,0
I0001602,1,1
I0001603,1,1
I0001604,1,1
I0001605,1,1
I0001606,1,0
I0001607,1,1
I0001608,1,1
I0001609,1,0
I0001610,1,0
I0001611,1,0
I0001612,1,0
I0001613,1,0
I0001614,1,0
I0001615,1,0
I0001616,1,0
I0001617,1,0
I0001618,1,1
I0001619,1,1
I0001620,1,1
I0001621,1,1
I0001622,1,0
I0001623,1,1
I0001624,1,0
I0001625,1,0
I0001626,1,1
I0001627,1,0
I0001628,1,1
I0001629,1,1
I0001630,1,1
I0001631,1,1
I0001632,1,1
I0001633,1,1
I0001634,1,0
I0001635,1,1
I0001636,1,1
I0001637,1,1
I0001638,1,0
I0001639,1,0
I0001640,1,0
I0001641,1,0
I0001642,1,1
I0001643,1,0
I0001644,1,1
I0001645,1,1
I0001646,1,1
I0001647,1,0
I0001648,1,0
I0001649,1,1
I0001650,1,1
I0001651,1,1
I0001652,1,1
I0001653,1,1
I0001654,1,1
I0001655,1,1
I0001656,1,0
I0001657,1,0
I0001658,1,1
I0001659,1,1
I0001660,1,0
I0001661,1,0
I0001662,1,1
I0001663,1,0
I0001664,1,1
I0001665,1,0
I0001666,1,1
I0001667,1,1
I0001668,1,1
I0001669,1,1
I0001670,1,1
I0001671,1,0
I0001672,1,1
I0001673,1,0
I0001674,1,0
I0001675,1,0
I0001676,1,1
I0001677,1,1
I0001678,1,1
I0001679,1,1
I0001680,1,1
I0001681,1,1
I0001682,1,1
I0001683,1,1
I0001684,1,1
I0001685,1,1
I0001686,1,1
I0001687,1,1
I0001688,1,1
I0001689,1,1
I0001690,1,1
I0001691,1,0
I0001692,1,0
I0001693,1,1
I0001694,1,0
I0001695,1,0
I0001696,1,0
I0001697,1,0
I0001698,1,0
I0001699,1,0
I0001700,1,0
I0001701,1,1
I0001702,1,1
I0001703,1,1
I0001704,1,0
I0001705,1,1
I0001706,1,1
I0001707,1,1
I0001708,1,0
I0001709,1,0
I0001710,1,0
I0001711,1,1
I0001712,1,1
I0001713,1,1
I0001714,1,0
I0001715,1,0
I0001716,1,0
I0001717,1,1
I0001718,1,1
I0001719,1,0
I0001720,1,1
I0001721,1,0
I0001722,1,0
I0001723,1,1
I0001724,1,0
I0001725,1,1
I0001726,1,0
I0001727,1,1
I0001728,1,1
I0001729,1,1
I0001730,1,1
I0001731,1,0
I0001732,1,1
I0001733,1,1
I0001734,1,1
I0001735,1,1
I0001736,1,1
I0001737,1,0
I0001738,1,1
I0001739,1,0
I0001740,1,1
I0001741,1,1
I0001742,1,0
I0001743,1,1
I0001744,1,0
I0001745,1,0
I0001746,1,1
I0001747,1,1
I0001748,1,1
I0001749,1,1
I0001750,1,1
I0001751,1,1
I0001752,1,1
I0001753,1,0
I0001754,1,0
I0001755,1,1
I0001756,1,0
I0001757,1,1
I0001758,1,0
I0001759,1,0
I0001760,1,0
I0001761,1,0
I0001762,1,0
I0001763,1,1
I0001764,1,0
I0001765,1,0
I0001766,1,0
I0001767,1,0
I0001768,1,1
I0001769,1,0
I0001770,1,0
I0001771,1,1
I0001772,1,0
I0001773,1,1
I0001774,1,1
I0001775,1,0
I0001776,1,1
I0001777,1,1
I0001778,1,1
I0001779,1,0
I0001780,1,0
I0001781,1,0
I0001782,1,1
I0001783,1,1
I0001784,1,1
I0001785,1,0
I0001786,1,0
I0001787,1,1
I0001788,1,0
I0001789,1,1
I0001790,1,0
I0001791,1,1
I0001792,1,0
I0001793,1,0
I0001794,1,1
I0001795,1,1
I0001796,1,0
I0001797,1,0
I0001798,1,1
I0001799,1,0
I0001800,1,1
I0001801,1,1
I0001802,1,1
I0001803,1,0
I0001804,1,1
I0001805,1,0
I0001806,1,0
I0001807,1,1
I0001808,1,0
I0001809,1,0
I0001810,1,0
I0001811,1,0
I0001812,1,0
I0001813,1,0
I0001814,1,0
I0001815,1,1
I0001816,1,0
I0001817,1,0
I0001818,1,1
I0001819,1,1
I0001820,1,1
I0001821,1,0
I0001822,1,0
I0001823,1,1
I0001824,1,0
I0001825,1,0
I0001826,1,0
I0001827,1,1
I0001828,1,1
I0001829,1,1
I0001830,1,1
I0001831,1,0
I0001832,1,1
I0001833,1,0
I0001834,1,0
I0001835,1,0
I0001836,1,1
I0001837,1,1
I0001838,1,1
I0001839,1,1
I0001840,1,0
I0001841,1,0
I0001842,1,0
I0001843,1,0
I0001844,1,0
I0001845,1,0
I0001846,1,0
I0001847,1,0
I0001848,1,0
I0001849,1,1
I0001850,1,0
I0001851,1,0
I0001852,1,0
I0001853,1,1
I0001854,1,0
I0001855,1,1
I0001856,1,1
I0001857,1,0
I0001858,1,0
I0001859,1,0
I0001860,1,0
I0001861,1,1
I0001862,1,1
I0001863,1,0
I0001864,1,0
I0001865,1,0
I0001866,1,1
I0001867,1,0
I0001868,1,0
I0001869,1,0
I0001870,1,1
I0001871,1,0
I0001872,1,0
I0001873,1,1
I0001874,1,1
I0001875,1,0
I0001876,1,1
I0001877,1,1
I0001878,1,1
I0001879,1,0
I0001880,1,1
I0001881,1,1
I0001882,1,0
I0001883,1,0
I0001884,1,0
I0001885,1,1
I0001886,1,1
I0001887,1,0
I0001888,1,1
I0001889,1,1
I0001890,1,1
I0001891,1,1
I0001892,1,0
I0001893,1,0
I0001894,1,0
I0001895,1,0
I0001896,1,1
I0001897,1,0
I0001898,1,0
I0001899,1,1
I0001900,1,0
I0001901,1,0
I0001902,1,1
I0001903,1,1
I0001904,1,1
I0001905,1,1
I0001906,1,1
I0001907,1,1
I0001908,1,1
I0001909,1,1
I0001910,1,1
I0001911,1,1
I0001912,1,0
I0001913,1,0
I0001914,1,1
I0001915,1,1
I0001916,1,1
I0001917,1,1
I0001918,1,1
I0001919,1,1
I0001920,1,1
I0001921,1,1
I0001922,1,1
I0001923,1,1
I0001924,1,1
I0001925,1,0
I0001926,1,0
I0001927,1,0
I0001928,1,1
I0001929,1,1
I0001930,1,1
I0001931,1,0
I0001932,1,0
I0001933,1,1
I0001934,1,0
I0001935,1,1
I0001936,1,1
I0001937,1,1
I0001938,1,1
I0001939,1,0
I0001940,1,0
I0001941,1,1
I0001942,1,0
I0001943,1,0
I0001944,1,1
I0001945,1,1
I0001946,1,1
I0001947,1,0
I0001948,1,0
I0001949,1,0
I0001950,1,1
I0001951,1,1
I0001952,1,1
I0001953,1,1
I0001954,1,1
I0001955,1,1
I0001956,1,1
I0001957,1,0
I0001958,1,0
I0001959,1,0
I0001960,1,0
I0001961,1,0
I0001962,1,1
I0001963,1,0
I0001964,1,1
I0001965,1,1
I0001966,1,1
I0001967,1,0
I0001968,1,0
I0001969,1,0
I0001970,1,0
I0001971,1,1
I0001972,1,1
I0001973,1,1
I0001974,1,0
I0001975,1,1
I0001976,1,1
I0001977,1,1
I0001978,1,1
I0001979,1,1
I0001980,1,1
I0001981,1,1
I0001982,1,1
I0001983,1,1
I0001984,1,1
I0001985,1,0
I0001986,1,1
I0001987,1,1
I0001988,1,1
I0001989,1,1
I0001990,1,1
I0001991,1,1
I0001992,1,0
I0001993,1,0
I0001994,1,0
I0001995,1,0
I0001996,1,0
I0001997,1,0
I0001998,1,1
I0001999,1,1
I0002000,1,0
I0002001,1,0
I0002002,1,0
I0002003,1,0
I0002004,1,1
I0002005,1,1
I0002006,1,1
I0002007,1,0
I0002008,1,1
I0002009,1,1
I0002010,1,0
I0002011,1,1
I0002012,1,0
I0002013,1,1
I0002014,1,1
I0002015,1,1
I0002016,1,0
I0002017,1,1
I0002018,1,0
I0002019,1,0
I0002020,1,0
I0002021,1,1
I0002022,1,0
I0002023,1,1
I0002024,1,0
I0002025,1,1
I0002026,1,1
I0002027,1,1
I0002028,1,0
I0002029,1,1
I0002030,1,0
I0002031,1,1
I0002032,1,1
I0002033,1,1
I0002034,1,1
I0002035,1,1
I0002036,1,1
I0002037,1,1
I0002038,1,0
I0002039,1,1
I0002040,1,1
I0002041,1,1
I0002042,1,1
I0002043,1,0
I0002044,1,0
I0002045,1,1
I0002046,1,0
I0002047,1,1
I0002048,1,0
I0002049,1,0
I0002050,1,1
I0002051,1,0
I0002052,1,0
I0002053,1,0
I0002054,1,1
I0002055,1,0
I0002056,1,0
I0002057,1,0
I0002058,1,0
I0002059,1,1
I0002060,1,1
I0002061,1,1
I0002062,1,0
I0002063,1,0
I0002064,1,1
I0002065,1,1
I0002066,1,1
I0002067,1,1
I0002068,1,0
I0002069,1,0
I0002070,1,1
I0002071,1,0
I0002072,1,1
I0002073,1,1
I0002074,1,0
I0002075,1,0
I0002076,1,1
I0002077,1,0
I0002078,1,0
I0002079,1,0
I0002080,1,0
I0002081,1,0
I0002082,1,0
I0002083,1,0
I0002084,1,0
I0002085,1,0
I0002086,1,0
I0002087,1,1
I0002088,1,1
I0002089,1,0
I0002090,1,0
I0002091,1,1
I0002092,1,1
I0002093,1,0
I0002094,1,0
I0002095,1,1
I0002096,1,0
I0002097,1,1
I0002098,1,0
I0002099,1,1
I0002100,1,0
I0002101,1,0
I0002102,1,1
I0002103,1,0
I0002104,1,0
I0002105,1,1
I0002106,1,1
I0002107,1,1
I0002108,1,1
I0002109,1,1
I0002110,1,1
I0002111,1,1
I0002112,1,0
I0002113,1,0
I0002114,1,0
I0002115,1,1
I0002116,1,1
I0002117,1,0
I0002118,1,0
I0002119,1,0
I0002120,1,0
I0002121,1,1
I0002122,1,0
I0002123,1,0
I0002124,1,1
I0002125,1,0
I0002126,1,1
I0002127,1,1
I0002128,1,1
I0002129,1,1
I0002130,1,1
I0002131,1,1
I0002132,1,1
I0002133,1,1
I0002134,1,0
I0002135,1,1
I0002136,1,1
I0002137,1,1
I0002138,1,1
I0002139,1,1
I0002140,1,1
I0002141,1,0
I0002142,1,0
I0002143,1,0
I0002144,1,0
I0002145,1,1
I0002146,1,0
I0002147,1,0
I0002148,1,0
I0002149,1,1
I0002150,1,1
I0002151,1,1
I0002152,1,1
I0002153,1,1
I0002154,1,1
I0002155,1,0
I0002156,1,1
I0002157,1,1
I0002158,1,1
I0002159,1,0
I0002160,1,0
I0002161,1,1
I0002162,1,0
I0002163,1,1
I0002164,1,0
I0002165,1,0
I0002166,1,1
I0002167,1,1
I0002168,1,0
I0002169,1,1
I0002170,1,0
I0002171,1,0
I0002172,1,1
I0002173,1,1
I0002174,1,0
I0002175,1,1
I0002176,1,1
I0002177,1,0
I0002178,1,0
I0002179,1,0
I0002180,1,1
I0002181,1,1
I0002182,1,1
I0002183,1,0
I0002184,1,1
I0002185,1,1
I0002186,1,1
I0002187,1,1
I0002188,1,1
I0002189,1,1
I0002190,1,1
I0002191,1,1
I0002192,1,1
I0002193,1,1
I0002194,1,1
I0002195,1,0
I0002196,1,0
I0002197,1,0
I0002198,1,1
I0002199,1,0
I0002200,1,0
I0002201,1,0
I0002202,1,0
I0002203,1,1
I0002204,1,0
I0002205,1,1
I0002206,1,0
I0002207,1,0
I0002208,1,1
I0002209,1,0
I0002210,1,1
I0002211,1,1
I0002212,1,0
I0002213,1,1
I0002214,1,1
I0002215,1,1
I0002216,1,1
I0002217,1,0
I0002218,1,1
I0002219,1,1
I0002220,1,1
I0002221,1,1
I0002222,1,1
I0002223,1,1
I0002224,1,1
I0002225,1,1
I0002226,1,1
I0002227,1,1
I0002228,1,1
I0002229,1,0
I0002230,1,1
I0002231,1,0
I0002232,1,1
I0002233,1,1
I0002234,1,1
I0002235,1,0
I0002236,1,0
I0002237,1,1
I0002238,1,0
I0002239,1,1
I0002240,1,1
I0002241,1,0
I0002242,1,0
I0002243,1,1
I0002244,1,0
I0002245,1,0
I0002246,1,0
I0002247,1,0
I0002248,1,1
I0002249,1,1
I0002250,1,1
I0002251,1,0
I0002252,1,0
I0002253,1,1
I0002254,1,1
I0002255,1,0
I0002256,1,0
I0002257,1,0
I0002258,1,0
I0002259,1,0
I0002260,1,0
I0002261,1,1
I0002262,1,0
I0002263,1,0
I0002264,1,0
I0002265,1,1
I0002266,1,1
I0002267,1,0
I0002268,1,1
I0002269,1,1
I0002270,1,1
I0002271,1,1
I0002272,1,0
I0002273,1,0
I0002274,1,0
I0002275,1,0
I0002276,1,1
I0002277,1,1
I0002278,1,1
I0002279,1,1
I0002280,1,1
I0002281,1,0
I0002282,1,1
I0002283,1,1
I0002284,1,1
I0002285,1,1
I0002286,1,0
I0002287,1,0
I0002288,1,0
I0002289,1,1
I0002290,1,1
I0002291,1,0
I0002292,1,0
I0002293,1,1
I0002294,1,0
I0002295,1,0
I0002296,1,1
I0002297,1,1
I0002298,1,1
I0002299,1,0
I0002300,1,1
I0002301,1,0
I0002302,1,1
I0002303,1,1
I0002304,1,1
I0002305,1,0
I0002306,1,0
I0002307,1,1
I0002308,1,0
I0002309,1,0
I0002310,1,0
I0002311,1,1
I0002312,1,1
I0002313,1,1
I0002314,1,0
I0002315,1,1
I0002316,1,0
I0002317,1,1
I0002318,1,0
I0002319,1,0
I0002320,1,1
I0002321,1,0
I0002322,1,0
I0002323,1,0
I0002324,1,1
I0002325,1,1
I0002326,1,0
I0002327,1,1
I0002328,1,0
I0002329,1,0
I0002330,1,0
I0002331,1,1
I0002332,1,1
I0002333,1,1
I0002334,1,1
I0002335,1,1
I0002336,1,1
I0002337,1,1
I0002338,1,1
I0002339,1,0
I0002340,1,0
I0002341,1,0
I0002342,1,0
I0002343,1,0
I0002344,1,0
I0002345,1,0
I0002346,1,0
I0002347,1,0
I0002348,1,1
I0002349,1,1
I0002350,1,0
I0002351,1,1
I0002352,1,0
I0002353,1,0
I0002354,1,0
I0002355,1,1
I0002356,1,1
I0002357,1,0
I0002358,1,1
I0002359,1,1
I0002360,1,0
I0002361,1,0
I0002362,1,1
I0002363,1,1
I0002364,1,0
I0002365,1,1
I0002366,1,1
I0002367,1,0
I0002368,1,0
I0002369,1,1
I0002370,1,0
I0002371,1,1
I0002372,1,1
I0002373,1,0
I0002374,1,0
I0002375,1,1
I0002376,1,1
I0002377,1,0
I0002378,1,1
I0002380,1,0
I0002381,1,1
I0002382,1,0
I0002383,1,1
I0002384,1,0
I0002385,1,1
I0002386,1,0
I0002387,1,1
I0002388,1,0
I0002389,1,0
I0002390,1,1
I0002391,1,0
I0002392,1,0
I0002393,1,1
I0002394,1,1
I0002395,1,1
I0002396,1,0
I0002397,1,0
I0002398,1,1
I0002399,1,1
I0002400,1,1
I0002401,1,0
I0002402,1,0
I0002403,1,0
I0002404,1,1
I0002405,1,1
I0002406,1,0
I0002407,1,1
I0002408,1,0
I0002409,1,1
I0002410,1,1
I0002411,1,0
I0002412,1,0
I0002413,1,0
I0002414,1,0
I0002415,1,0
I0002416,1,1
I0002417,1,0
I0002418,1,0
I0002419,1,0
I0002420,1,0
I0002421,1,0
I0002422,1,0
I0002423,1,0
I0002424,1,0
I0002425,1,0
I0002426,1,0
I0002427,1,1
I0002428,1,0
I0002429,1,0
I0002430,1,1
I0002431,1,0
I0002432,1,1
I0002433,1,0
I0002434,1,0
I0002435,1,1
I0002436,1,1
I0002437,1,1
I0002438,1,1
I0002439,1,0
I0002440,1,1
I0002441,1,0
I0002442,1,1
I0002443,1,0
I0002444,1,0
I0002445,1,1
I0002446,1,1
I0002447,1,1
I0002448,1,1
I0002449,1,1
I0002450,1,1
I0002451,1,1
I0002452,1,0
I0002453,1,1
I0002454,1,1
I0002455,1,0
I0002456,1,1
I0002457,1,1
I0002458,1,1
I0002459,1,0
I0002460,1,1
I0002461,1,1
I0002462,1,1
I0002463,1,0
I0002464,1,1
I0002465,1,0
I0002466,1,1
I0002467,1,0
I0002468,1,0
I0002469,1,0
I0002470,1,0
I0002471,1,0
I0002472,1,0
I0002473,1,0
I0002474,1,1
I0002475,1,1
I0002476,1,1
I0002477,1,0
I0002478,1,1
I0002479,1,1
I0002480,1,1
I0002481,1,0
I0002482,1,1
I0002483,1,1
I0002484,1,1
I0002485,1,1
I0002486,1,1
I0002487,1,1
I0002488,1,0
I0002489,1,1
I0002490,1,1
I0002491,1,1
I0002492,1,1
I0002493,1,1
I0002494,1,1
I0002495,1,0
I0002496,1,1
I0002497,1,1
I0002498,1,0
I0002499,1,0
I0002500,1,1
I0002501,1,1
I0002502,1,1
I0002503,1,1
I0002504,1,1
I0002505,1,1
I0002506,1,1
I0002507,1,1
I0002508,1,0
I0002509,1,1
I0002510,1,1
I0002511,1,1
I0002512,1,0
I0002513,1,1
I0002514,1,0
I0002515,1,0
I0002516,1,0
I0002517,1,1
I0002518,1,1
I0002519,1,0
I0002520,1,0
I0002521,1,1
I0002522,1,1
I0002523,1,1
I0002524,1,0
I0002525,1,0
I0002526,1,0
I0002527,1,0
I0002528,1,1
I0002529,1,0
I0002530,1,0
I0002531,1,1
I0002532,1,1
I0002533,1,1
I0002534,1,0
I0002535,1,0
I0002536,1,0
I0002537,1,0
I0002538,1,0
I0002539,1,0
I0002540,1,1
I0002541,1,0
I0002542,1,0
I0002543,1,0
I0002544,1,0
I0002545,1,0
I0002546,1,1
I0002547,1,1
I0002548,1,0
I0002549,1,1
I0002550,1,0
I0002551,1,0
I0002552,1,0
I0002553,1,0
I0002554,1,1
I0002555,1,0
I0002556,1,1
I0002557,1,0
I0002558,1,1
I0002559,1,1
I0002560,1,1
I0002561,1,1
I0002562,1,1
I0002563,1,1
I0002564,1,1
I0002565,1,1
I0002566,1,1
I0002567,1,1
I0002568,1,1
I0002569,1,1
I0002570,1,1
I0002571,1,1
I0002572,1,1
I0002573,1,0
I0002574,1,1
I0002575,1,1
I0002576,1,0
I0002577,1,0
I0002578,1,1
I0002579,1,0
I0002580,1,0
I0002581,1,1
I0002582,1,1
I0002583,1,1
I0002584,1,0
I0002585,1,1
I0002586,1,1
I0002587,1,1
I0002588,1,1
I0002589,1,0
I0002590,1,1
I0002591,1,1
I0002592,1,0
I0002593,1,0
I0002594,1,1
I0002595,1,1
I0002596,1,1
I0002597,1,1
I0002598,1,0
I0002599,1,0
I0002600,1,0
I0002601,1,1
I0002602,1,1
I0002603,1,1
I0002604,1,0
I0002605,1,0
I0002606,1,1
I0002607,1,0
I0002608,1,1
I0002609,1,1
I0002610,1,1
I0002611,1,0
I0002612,1,0
I0002613,1,0
I0002614,1,0
I0002615,1,1
I0002616,1,0
I0002617,1,1
I0002618,1,1
I0002619,1,1
I0002620,1,1
I0002621,1,1
I0002622,1,1
I0002623,1,1
I0002624,1,1
I0002625,1,0
I0002626,1,1
I0002627,1,1
I0002628,1,1
I0002629,1,1
I0002630,1,1
I0002631,1,1
I0002632,1,1
I0002633,1,1
I0002634,1,0
I0002635,1,1
I0002636,1,0
I0002637,1,1
I0002638,1,0
I0002639,1,1
I0002640,1,1
I0002641,1,1
I0002642,1,1
I0002643,1,1
I0002644,1,1
I0002645,1,1
I0002646,1,0
I0002647,1,1
I0002648,1,1
I0002649,1,1
I0002650,1,0
I0002651,1,0
I0002652,1,0
I0002653,1,1
I0002654,1,0
I0002655,1,1
I0002656,1,1
I0002657,1,0
I0002658,1,1
I0002659,1,1
I0002660,1,1
I0002661,1,1
I0002663,1,0
I0002664,1,1
I0002665,1,0
I0002666,1,1
I0002667,1,0
I0002668,1,1
I0002669,1,0
I0002670,1,1
I0002671,1,1
I0002672,1,1
I0002673,1,1
I0002674,1,1
I0002675,1,1
I0002676,1,1
I0002677,1,0
I0002678,1,1
I0002679,1,1
I0002680,1,0
I0002681,1,0
I0002682,1,1
I0002683,1,0
I0002684,1,0
I0002685,1,0
I0002686,1,0
I0002687,1,1
I0002688,1,1
I0002689,1,0
I0002690,1,1
I0002691,1,0
I0002692,1,0
I0002693,1,0
I0002694,1,0
I0002695,1,0
I0002696,1,0
I0002697,1,0
I0002698,1,0
I0002699,1,1
I0002700,1,1
I0002701,1,0
I0002702,1,0
I0002703,1,1
I0002704,1,1
I0002705,1,1
I0002706,1,1
I0002707,1,1
I0002708,1,0
I0002709,1,0
I0002710,1,1
I0002711,1,0
I0002712,1,1
I0002713,1,0
I0002714,1,1
I0002715,1,1
I0002716,1,1
I0002717,1,1
I0002718,1,0
I0002719,1,1
I0002720,1,1
I0002721,1,1
I0002722,1,0
I0002723,1,0
I0002724,1,0
I0002725,1,0
I0002726,1,1
I0002727,1,1
I0002728,1,0
I0002729,1,0
I0002730,1,0
I0002731,1,1
I0002732,1,0
I0002733,1,0
I0002734,1,0
I0002735,1,1
I0002736,1,1
I0002737,1,0
I0002738,1,0
I0002739,1,0
I0002740,1,1
I0002741,1,0
I0002742,1,1
I0002743,1,1
I0002744,1,1
I0002745,1,0
I0002746,1,1
I0002747,1,0
I0002748,1,0
I0002749,1,0
I0002750,1,0
I0002751,1,0
I0002752,1,0
I0002753,1,1
I0002754,1,1
I0002755,1,0
I0002756,1,0
I0002757,1,1
I0002758,1,1
I0002759,1,0
I0002760,1,0
I0002761,1,1
I0002762,1,0
I0002763,1,1
I0002764,1,1
I0002765,1,1
I0002766,1,0
I0002767,1,0
I0002768,1,0
I0002769,1,0
I0002770,1,0
I0002771,1,0
I0002772,1,1
I0002773,1,1
I0002774,1,1
I0002775,1,1
I0002776,1,0
I0002777,1,0
I0002778,1,0
I0002779,1,1
I0002780,1,0
I0002781,1,1
I0002782,1,0
I0002783,1,1
I0002784,1,1
I0002785,1,0
I0002786,1,0
I0002787,1,1
I0002788,1,1
I0002789,1,0
I0002790,1,0
I0002791,1,1
I0002792,1,1
I0002793,1,1
I0002794,1,1
I0002795,1,1
I0002796,1,1
I0002797,1,1
I0002798,1,1
I0002799,1,1
I0002800,1,0
I0002801,1,0
I0002802,1,1
I0002803,1,0
I0002804,1,0
I0002805,1,1
I0002806,1,1
I0002807,1,1
I0002808,1,1
I0002809,1,1
I0002810,1,0
I0002811,1,1
I0002812,1,0
I0002813,1,0
I0002814,1,1
I0002815,1,1
I0002816,1,1
I0002817,1,1
I0002818,1,1
I0002819,1,0
I0002820,1,1
I0002821,1,1
I0002823,1,0
I0002824,1,1
I0002825,1,0
I0002826,1,1
I0002827,1,1
I0002828,1,0
I0002829,1,0
I0002830,1,1
I0002831,1,1
I0002832,1,0
I0002833,1,1
I0002834,1,1
I0002835,1,1
I0002836,1,1
I0002837,1,1
I0002838,1,1
I0002839,1,1
I0002840,1,1
I0002841,1,0
I0002842,1,1
I0002843,1,1
I0002844,1,1
I0002845,1,1
I0002846,1,1
I0002847,1,0
I0002848,1,1
I0002849,1,0
I0002850,1,1
I0002851,1,0
I0002852,1,0
I0002853,1,0
I0002854,1,0
I0002855,1,0
I0002856,1,1
I0002857,1,0
I0002858,1,0
I0002859,1,0
I0002860,1,1
I0002861,1,1
I0002862,1,1
I0002863,1,0
I0002864,1,0
I0002865,1,1
I0002866,1,1
I0002867,1,0
I0002868,1,0
I0002869,1,0
I0002870,1,1
I0002871,1,0
I0002872,1,0
I0002873,1,1
I0002874,1,1
I0002875,1,1
I0002876,1,1
I0002877,1,1
I0002878,1,1
I0002879,1,0
I0002880,1,1
I0002881,1,1
I0002882,1,1
I0002883,1,0
I0002884,1,0
I0002885,1,0
I0002886,1,1
I0002887,1,1
I0002888,1,0
I0002889,1,1
I0002890,1,1
I0002891,1,0
I0002892,1,1
I0002893,1,0
I0002894,1,0
I0002895,1,1
I0002896,1,1
I0002897,1,1
I0002898,1,0
I0002899,1,1
I0002900,1,1
I0002901,1,1
I0002902,1,0
I0002903,1,1
I0002904,1,1
I0002905,1,0
I0002906,1,0
I0002907,1,1
I0002908,1,0
I0002909,1,0
I0002910,1,0
I0002911,1,0
I0002912,1,0
I0002913,1,1
I0002914,1,1
I0002915,1,0
I0002916,1,1
I0002917,1,1
I0002918,1,1
I0002919,1,1
I0002920,1,0
I0002921,1,0
I0002922,1,1
I0002923,1,1
I0002924,1,1
I0002925,1,1
I0002926,1,1
I0002927,1,0
I0002928,1,1
I0002929,1,1
I0002930,1,1
I0002931,1,1
I0002932,1,1
I0002933,1,1
I0002934,1,1
I0002935,1,1
I0002936,1,1
I0002937,1,1
I0002938,1,1
I0002939,1,0
I0002940,1,1
I0002941,1,0
I0002942,1,1
I0002943,1,0
I0002944,1,1
I0002945,1,0
I0002946,1,0
I0002947,1,0
I0002948,1,0
I0002949,1,0
I0002950,1,0
I0002951,1,0
I0002952,1,0
I0002953,1,1
I0002954,1,1
I0002955,1,1
I0002956,1,1
I0002957,1,0
I0002958,1,0
I0002959,1,0
I0002960,1,1
I0002961,1,1
I0002962,1,0
I0002963,1,1
I0002964,1,0
I0002965,1,1
I0002966,1,0
I0002967,1,0
I0002968,1,1
I0002969,1,1
I0002970,1,1
I0002971,1,1
I0002972,1,1
I0002973,1,0
I0002974,1,1
I0002975,1,0
I0002976,1,0
I0002977,1,0
I0002978,1,0
I0002979,1,0
I0002980,1,0
I0002981,1,0
I0002982,1,0
I0002983,1,0
I0002984,1,0
I0002985,1,0
I0002986,1,1
I0002987,1,1
I0002988,1,0
I0002989,1,1
I0002990,1,0
I0002991,1,1
I0002992,1,1
I0002993,1,1
I0002994,1,0
I0002995,1,0
I0002996,1,0
I0002997,1,0
I0002998,1,0
I0002999,1,1
I0003000,1,0
I0003001,1,0
I0003002,1,0
I0003003,1,0
I0003004,1,0
I0003005,1,0
I0003006,1,0
I0003007,1,0
I0003008,1,0
I0003009,1,1
I0003010,1,1
I0003011,1,1
I0003012,1,1
I0003013,1,0
I0003014,1,0
I0003015,1,0
I0003016,1,1
I0003017,1,1
I0003018,1,1
I0003019,1,1
I0003020,1,1
I0003021,1,1
I0003022,1,1
I0003023,1,1
I0003024,1,1
I0003025,1,1
I0003026,1,0
I0003027,1,1
I0003028,1,0
I0003029,1,1
I0003030,1,1
I0003031,1,0
I0003032,1,1
I0003033,1,0
I0003034,1,1
I0003035,1,0
I0003036,1,1
I0003037,1,1
I0003038,1,0
I0003039,1,0
I0003040,1,0
I0003041,1,1
I0003042,1,0
I0003043,1,1
I0003044,1,0
I0003045,1,0
I0003046,1,1
I0003047,1,0
I0003048,1,0
I0003049,1,1
I0003050,1,0
I0003051,1,1
I0003052,1,0
I0003053,1,1
I0003054,1,1
I0003055,1,0
I0003056,1,1
I0003057,1,0
I0003058,1,1
I0003059,1,0
I0003060,1,0
I0003061,1,0
I0003062,1,1
I0003063,1,1
I0003064,1,1
I0003065,1,0
I0003066,1,1
I0003067,1,1
I0003068,1,1
I0003069,1,1
I0003070,1,1
I0003071,1,0
I0003072,1,0
I0003073,1,0
I0003074,1,0
I0003075,1,0
I0003076,1,0
I0003077,1,0
I0003078,1,0
I0003079,1,0
I0003080,1,0
I0003081,1,0
I0003082,1,0
I0003083,1,1
I0003084,1,0
I0003085,1,1
I0003086,1,0
I0003087,1,1
I0003088,1,0
I0003089,1,0
I0003090,1,1
I0003091,1,1
I0003092,1,0
I0003093,1,1
I0003094,1,0
I0003095,1,1
I0003096,1,0
I0003097,1,1
I0003098,1,1
I0003099,1,1
I0003100,1,0
I0003101,1,1
I0003102,1,0
I0003103,1,0
I0003104,1,1
I0003105,1,0
I0003106,1,0
I0003107,1,0
I0003108,1,1
I0003109,1,1
I0003110,1,0
I0003111,1,1
I0003112,1,1
I0003113,1,1
I0003114,1,1
I0003115,1,1
I0003116,1,1
I0003117,1,0
I0003118,1,0
I0003119,1,1
I0003120,1,0
I0003121,1,0
I0003122,1,0
I0003123,1,0
I0003124,1,1
I0003125,1,0
I0003126,1,0
I0003127,1,1
I0003128,1,0
I0003129,1,1
I0003130,1,1
I0003131,1,0
I0003132,1,0
I0003133,1,0
I0003134,1,0
I0003135,1,0
I0003136,1,0
I0003137,1,0
I0003138,1,1
I0003139,1,1
I0003140,1,1
I0003141,1,1
I0003142,1,1
I0003143,1,1
I0003144,1,1
I0003145,1,1
I0003146,1,1
I0003147,1,1
I0003148,1,1
I0003149,1,1
I0003150,1,0
I0003151,1,1
I0003152,1,0
I0003153,1,1
I0003154,1,1
I0003155,1,1
I0003156,1,0
I0003157,1,0
I0003158,1,0
I0003159,1,0
I0003160,1,1
I0003161,1,1
I0003162,1,1
I0003163,1,0
I0003164,1,1
I0003165,1,1
I0003166,1,0
I0003167,1,0
I0003168,1,0
I0003169,1,0
I0003170,1,1
I0003171,1,1
I0003172,1,0
I0003173,1,1
I0003174,1,0
I0003175,1,0
I0003176,1,0
I0003177,1,0
I0003178,1,0
I0003179,1,0
I0003180,1,0
I0003181,1,0
I0003182,1,0
I0003183,1,0
I0003184,1,0
I0003185,1,1
I0003186,1,0
I0003187,1,1
I0003188,1,0
I0003189,1,1
I0003190,1,1
I0003191,1,1
I0003192,1,1
I0003193,1,0
I0003194,1,1
I0003195,1,0
I0003196,1,1
I0003197,1,1
I0003198,1,0
I0003199,1,1
I0003200,1,0
I0003201,1,1
I0003202,1,0
I0003203,1,0
I0003204,1,1
I0003205,1,1
I0003206,1,0
I0003207,1,1
I0003208,1,1
I0003209,1,0
I0003210,1,0
I0003211,1,1
I0003212,1,0
I0003213,1,1
I0003214,1,0
I0003215,1,1
I0003216,1,0
I0003217,1,1
I0003218,1,0
I0003219,1,1
I0003220,1,1
I0003221,1,0
I0003222,1,0
I0003223,1,0
I0003224,1,1
I0003225,1,0
I0003226,1,0
I0003227,1,0
I0003228,1,1
I0003229,1,0
I0003230,1,1
I0003231,1,0
I0003232,1,1
I0003233,1,1
I0003234,1,1
I0003235,1,0
I0003236,1,0
I0003237,1,0
I0003238,1,1
I0003239,1,0
I0003240,1,1
I0003241,1,1
I0003242,1,0
I0003243,1,1
I0003244,1,1
I0003245,1,0
I0003246,1,1
I0003247,1,0
I0003248,1,1
I0003249,1,1
I0003250,1,1
I0003251,1,0
I0003252,1,1
I0003253,1,0
I0003254,1,0
I0003255,1,1
I0003256,1,1
I0003257,1,1
I0003258,1,1
I0003259,1,0
I0003260,1,0
I0003261,1,1
I0003262,1,0
I0003263,1,1
I0003264,1,0
I0003265,1,0
I0003266,1,0
I0003267,1,0
I0003268,1,1
I0003269,1,0
I0003270,1,1
I0003271,1,0
I0003272,1,0
I0003273,1,1
I0003274,1,0
I0003275,1,1
I0003276,1,1
I0003277,1,0
I0003278,1,0
I0003279,1,1
I0003280,1,1
I0003281,1,1
I0003282,1,1
I0003283,1,1
I0003284,1,1
I0003285,1,0
I0003286,1,0
I0003287,1,1
I0003288,1,0
I0003289,1,0
I0003290,1,0
I0003291,1,1
I0003292,1,1
I0003293,1,1
I0003294,1,1
I0003295,1,0
I0003296,1,0
I0003297,1,0
I0003298,1,0
I0003299,1,0
I0003300,1,0
I0003301,1,0
I0003302,1,1
I0003303,1,1
I0003304,1,0
I0003305,1,0
I0003306,1,1
I0003307,1,0
I0003308,1,1
I0003309,1,0
I0003310,1,1
I0003311,1,0
I0003312,1,1
I0003313,1,1
I0003314,1,1
I0003315,1,1
I0003316,1,1
I0003317,1,0
I0003318,1,0
I0003319,1,1
I0003320,1,0
I0003321,1,1
I0003322,1,1
I0003323,1,1
I0003324,1,0
I0003325,1,0
I0003326,1,0
I0003327,1,0
I0003328,1,0
I0003329,1,1
I0003330,1,1
I0003331,1,0
I0003332,1,0
I0003333,1,1
I0003334,1,0
I0003335,1,0
I0003336,1,1
I0003337,1,1
I0003338,1,0
I0003339,1,1
I0003340,1,0
I0003341,1,0
I0003342,1,1
I0003343,1,1
I0003344,1,1
I0003345,1,1
I0003346,1,1
I0003347,1,0
I0003348,1,1
I0003349,1,0
I0003350,1,1
I0003351,1,1
I0003352,1,1
I0003353,1,0
I0003354,1,0
I0003355,1,1
I0003356,1,1
I0003357,1,1
I0003358,1,1
I0003359,1,0
I0003360,1,0
I0003361,1,1
I0003362,1,0
I0003363,1,1
I0003364,1,0
I0003365,1,1
I0003366,1,1
I0003367,1,1
I0003368,1,1
I0003369,1,1
I0003370,1,1
I0003371,1,1
I0003372,1,1
I0003373,1,0
I0003374,1,0
I0003375,1,0
I0003376,1,1
I0003377,1,1
I0003378,1,0
I0003379,1,0
I0003380,1,1
I0003381,1,0
I0003382,1,0
I0003383,1,0
I0003384,1,1
I0003385,1,1
I0003386,1,0
I0003387,1,0
I0003388,1,1
I0003389,1,0
I0003390,1,1
I0003391,1,0
I0003392,1,1
I0003393,1,0
I0003394,1,0
I0003395,1,1
I0003396,1,0
I0003397,1,0
I0003398,1,0
I0003399,1,0
I0003400,1,0
I0003401,1,1
I0003402,1,1
I0003403,1,1
I0003404,1,1
I0003405,1,0
I0003406,1,0
I0003407,1,1
I0003408,1,0
I0003409,1,1
I0003410,1,0
I0003411,1,0
I0003412,1,0
I0003413,1,0
I0003414,1,1
I0003415,1,0
I0003416,1,1
I0003417,1,0
I0003418,1,0
I0003419,1,0
I0003420,1,0
I0003421,1,0
I0003422,1,0
I0003423,1,1
I0003424,1,0
I0003425,1,1
I0003426,1,0
I0003427,1,0
I0003428,1,1
I0003429,1,0
I0003430,1,1
I0003431,1,0
I0003432,1,1
I0003433,1,1
I0003434,1,1
I0003435,1,0
I0003436,1,1
I0003437,1,1
I0003438,1,0
I0003439,1,1
I0003440,1,0
I0003441,1,1
I0003442,1,0
I0003443,1,0
I0003444,1,0
I0003445,1,0
I0003446,1,0
I0003447,1,0
I0003448,1,1
I0003449,1,0
I0003450,1,1
I0003451,1,0
I0003452,1,0
I0003453,1,0
I0003454,1,0
I0003455,1,0
I0003456,1,0
I0003457,1,0
I0003458,1,0
I0003459,1,1
I0003460,1,1
I0003461,1,0
I0003462,1,0
I0003463,1,0
I0003464,1,1
I0003465,1,1
I0003466,1,1
I0003467,1,0
I0003468,1,0
I0003469,1,0
I0003470,1,1
I0003471,1,1
I0003472,1,1
I0003473,1,1
I0003474,1,0
I0003475,1,0
I0003476,1,0
I0003477,1,1
I0003478,1,0
I0003479,1,1
I0003480,1,1
I0003481,1,0
I0003482,1,0
I0003483,1,0
I0003484,1,1
I0003485,1,1
I0003486,1,1
I0003487,1,1
I0003488,1,0
I0003489,1,1
I0003490,1,0
I0003491,1,1
I0003492,1,0
I0003493,1,0
I0003494,1,0
I0003495,1,0
I0003496,1,1
I0003497,1,1
I0003498,1,0
I0003499,1,1
I0003500,1,1
I0003501,1,0
I0003502,1,0
I0003503,1,1
I0003504,1,1
I0003505,1,1
I0003506,1,1
I0003507,1,1
I0003508,1,1
I0003509,1,0
I0003510,1,0
I0003511,1,0
I0003512,1,0
I0003513,1,0
I0003514,1,1
I0003515,1,1
I0003516,1,1
I0003517,1,1
I0003518,1,1
I0003519,1,1
I0003520,1,1
I0003521,1,1
I0003522,1,1
I0003523,1,1
I0003524,1,1
I0003525,1,0
I0003526,1,0
I0003527,1,0
I0003528,1,0
I0003529,1,0
I0003530,1,1
I0003531,1,0
I0003532,1,1
I0003533,1,0
I0003534,1,0
I0003535,1,0
I0003536,1,0
I0003537,1,1
I0003538,1,0
I0003539,1,1
I0003540,1,0
I0003541,1,0
I0003542,1,0
I0003543,1,0
I0003544,1,1
I0003545,1,0
I0003546,1,0
I0003547,1,0
I0003548,1,1
I0003549,1,0
I0003550,1,1
I0003551,1,0
I0003552,1,1
I0003553,1,1
I0003554,1,1
I0003555,1,1
I0003556,1,0
I0003557,1,1
I0003558,1,1
I0003559,1,0
I0003560,1,0
I0003561,1,0
I0003562,1,1
I0003563,1,1
I0003564,1,1
I0003565,1,0
I0003566,1,1
I0003567,1,0
I0003568,1,0
I0003569,1,0
I0003570,1,0
I0003571,1,0
I0003572,1,1
I0003573,1,0
I0003574,1,1
I0003575,1,1
I0003576,1,0
I0003577,1,0
I0003578,1,0
I0003579,1,0
I0003580,1,0
I0003581,1,0
I0003582,1,0
I0003583,1,0
I0003584,1,1
I0003585,1,0
I0003586,1,1
I0003587,1,1
I0003588,1,0
I0003589,1,1
I0003590,1,1
I0003591,1,0
I0003592,1,0
I0003593,1,0
I0003594,1,0
I0003595,1,0
I0003596,1,1
I0003597,1,0
I0003598,1,0
I0003599,1,0
I0003600,1,0
I0003601,1,0
I0003602,1,0
I0003603,1,0
I0003604,1,1
I0003605,1,0
I0003606,1,0
I0003607,1,0
I0003608,1,0
I0003609,1,0
I0003610,1,0
I0003611,1,1
I0003612,1,0
I0003613,1,0
I0003614,1,0
I0003615,1,1
I0003616,1,0
I0003617,1,0
I0003618,1,1
I0003619,1,0
I0003620,1,0
I0003621,1,1
I0003622,1,0
I0003623,1,0
I0003624,1,1
I0003625,1,0
I0003626,1,0
I0003627,1,0
I0003628,1,0
I0003629,1,0
I0003630,1,0
I0003631,1,0
I0003632,1,0
I0003633,1,1
I0003634,1,0
I0003635,1,1
I0003636,1,0
I0003637,1,0
I0003638,1,1
I0003639,1,1
I0003640,1,0
I0003641,1,0
I0003642,1,1
I0003643,1,0
I0003644,1,0
I0003645,1,0
I0003646,1,1
I0003647,1,0
I0003648,1,0
I0003649,1,1
I0003650,1,1
I0003651,1,0
I0003652,1,0
I0003653,1,1
I0003654,1,1
I0003655,1,1
I0003656,1,1
I0003657,1,0
I0003658,1,1
I0003659,1,0
I0003660,1,0
I0003661,1,0
I0003662,1,0
I0003663,1,0
I0003664,1,1
I0003665,1,1
I0003666,1,1
I0003667,1,0
I0003668,1,1
I0003669,1,1
I0003670,1,1
I0003671,1,0
I0003672,1,0
I0003673,1,1
I0003674,1,1
I0003675,1,1
I0003676,1,1
I0003677,1,1
I0003678,1,1
I0003679,1,1
I0003680,1,1
I0003681,1,0
I0003682,1,0
I0003683,1,0
I0003684,1,1
I0003685,1,1
I0003686,1,0
I0003687,1,1
I0003688,1,0
I0003689,1,1
I0003690,1,0
I0003691,1,0
I0003692,1,1
I0003693,1,0
I0003694,1,0
I0003695,1,1
I0003696,1,1
I0003697,1,1
I0003698,1,0
I0003699,1,1
I0003700,1,1
I0003701,1,1
I0003702,1,1
I0003703,1,1
I0003704,1,0
I0003705,1,1
I0003706,1,1
I0003707,1,1
I0003708,1,1
I0003709,1,1
I0003710,1,0
I0003711,1,1
I0003712,1,0
I0003713,1,1
I0003714,1,0
I0003715,1,1
I0003716,1,0
I0003717,1,0
I0003718,1,0
I0003719,1,0
I0003720,1,1
I0003721,1,0
I0003722,1,0
I0003723,1,0
I0003724,1,0
I0003725,1,0
I0003726,1,1
I0003727,1,1
I0003728,1,0
I0003729,1,0
I0003730,1,1
I0003731,1,1
I0003732,1,1
I0003733,1,1
I0003734,1,1
I0003735,1,0
I0003736,1,0
I0003737,1,0
I0003738,1,0
I0003739,1,0
I0003740,1,0
I0003741,1,0
I0003742,1,1
I0003743,1,1
I0003744,1,0
I0003745,1,0
I0003746,1,0
I0003747,1,1
I0003748,1,1
I0003749,1,0
I0003750,1,0
I0003751,1,0
I0003752,1,0
I0003753,1,1
I0003754,1,0
I0003755,1,0
I0003756,1,0
I0003757,1,1
I0003758,1,0
I0003759,1,0
I0003760,1,0
I0003761,1,0
I0003762,1,1
I0003763,1,0
I0003764,1,0
I0003765,1,0
I0003766,1,0
I0003767,1,1
I0003768,1,0
I0003769,1,1
I0003770,1,1
I0003771,1,1
I0003772,1,1
I0003773,1,1
I0003774,1,0
I0003775,1,1
I0003776,1,0
I0003777,1,1
I0003778,1,1
I0003779,1,0
I0003780,1,0
I0003781,1,0
I0003782,1,1
I0003783,1,0
I0003784,1,0
I0003785,1,0
I0003786,1,0
I0003787,1,1
I0003788,1,0
I0003789,1,1
I0003790,1,1
I0003791,1,0
I0003792,1,0
I0003793,1,1
I0003794,1,0
I0003795,1,0
I0003796,1,1
I0003797,1,0
I0003798,1,0
I0003799,1,1
I0003800,1,1
I0003801,1,0
I0003802,1,0
I0003803,1,0
I0003804,1,1
I0003805,1,0
I0003806,1,0
I0003807,1,0
I0003808,1,0
I0003809,1,0
I0003810,1,0
I0003811,1,1
I0003812,1,1
I0003813,1,1
I0003814,1,0
I0003815,1,0
I0003816,1,0
I0003817,1,0
I0003818,1,1
I0003819,1,0
I0003820,1,0
I0003821,1,1
I0003822,1,0
I0003823,1,0
I0003824,1,0
I0003825,1,0
I0003826,1,1
I0003827,1,1
I0003828,1,0
I0003829,1,1
I0003830,1,1
I0003831,1,1
I0003832,1,1
I0003833,1,1
I0003834,1,1
I0003835,1,1
I0003836,1,0
I0003837,1,0
I0003838,1,1
I0003839,1,1
I0003840,1,1
I0003841,1,1
I0003842,1,0
I0003843,1,1
I0003844,1,1
I0003845,1,1
I0003846,1,0
I0003847,1,0
I0003848,1,1
I0003849,1,1
I0003850,1,1
I0003851,1,1
I0003852,1,0
I0003853,1,0
I0003854,1,1
I0003855,1,1
I0003856,1,1
I0003857,1,0
I0003858,1,1
I0003859,1,1
I0003860,1,1
I0003861,1,1
I0003862,1,0
I0003863,1,0
I0003864,1,1
I0003865,1,0
I0003866,1,0
I0003867,1,0
I0003868,1,0
I0003869,1,0
I0003870,1,0
I0003871,1,1
I0003872,1,1
I0003873,1,1
I0003874,1,0
I0003875,1,0
I0003876,1,0
I0003877,1,1
I0003878,1,0
I0003879,1,0
I0003880,1,0
I0003881,1,1
I0003882,1,1
I0003883,1,0
I0003884,1,0
I0003885,1,0
I0003886,1,0
I0003887,1,1
I0003888,1,0
I0003889,1,1
I0003890,1,0
I0003891,1,1
I0003892,1,1
I0003893,1,0
I0003894,1,1
I0003895,1,0
I0003896,1,0
I0003897,1,0
I0003898,1,0
I0003899,1,0
I0003900,1,0
I0003901,1,0
I0003902,1,1
I0003903,1,1
I0003904,1,0
I0003905,1,0
I0003906,1,0
I0003907,1,1
I0003908,1,0
I0003909,1,0
I0003910,1,1
I0003911,1,1
I0003912,1,0
I0003913,1,0
I0003914,1,1
I0003915,1,0
I0003916,1,0
I0003917,1,1
I0003918,1,1
I0003919,1,1
I0003920,1,1
I0003921,1,1
I0003922,1,0
I0003923,1,0
I0003924,1,1
I0003925,1,0
I0003926,1,1
I0003927,1,1
I0003928,1,1
I0003929,1,1
I0003930,1,1
I0003931,1,0
I0003932,1,0
I0003933,1,1
I0003934,1,0
I0003935,1,0
I0003936,1,1
I0003937,1,1
I0003938,1,0
I0003939,1,0
I0003940,1,0
I0003941,1,0
I0003942,1,0
I0003943,1,0
I0003944,1,0
I0003945,1,1
I0003946,1,0
I0003947,1,0
I0003948,1,0
I0003949,1,0
I0003950,1,0
I0003951,1,0
I0003952,1,0
I0003953,1,0
I0003954,1,0
I0003955,1,1
I0003956,1,1
I0003957,1,1
I0003958,1,1
I0003959,1,0
I0003960,1,1
I0003961,1,1
I0003962,1,0
I0003963,1,0
I0003964,1,1
I0003965,1,0
I0003966,1,0
I0003967,1,1
I0003968,1,1
I0003969,1,1
I0003970,1,1
I0003971,1,1
I0003972,1,1
I0003973,1,1
I0003974,1,1
I0003975,1,1
I0003976,1,1
I0003977,1,1
I0003978,1,1
I0003979,1,0
I0003980,1,0
I0003981,1,1
I0003982,1,1
I0003983,1,0
I0003984,1,0
I0003985,1,1
I0003986,1,0
I0003987,1,0
I0003988,1,1
I0003989,1,0
I0003990,1,0
I0003991,1,1
I0003992,1,0
I0003993,1,0
I0003994,1,0
I0003995,1,0
I0003996,1,1
I0003997,1,1
I0003998,1,0
I0003999,1,0
I0004000,1,0
I0004001,1,0
I0004002,1,0
I0004003,1,0
I0004004,1,0
I0004005,1,0
I0004006,1,0
I0004007,1,0
I0004008,1,0
I0004009,1,1
I0004010,1,1
I0004011,1,0
I0004012,1,0
I0004013,1,1
I0004014,1,1
I0004015,1,1
I0004016,1,1
I0004017,1,0
I0004018,1,0
I0004019,1,0
I0004020,1,1
I0004021,1,0
I0004022,1,0
I0004023,1,0
I0004024,1,0
I0004025,1,0
I0004026,1,1
I0004027,1,0
I0004028,1,1
I0004029,1,0
I0004030,1,0
I0004031,1,1
I0004032,1,0
I0004033,1,0
I0004034,1,0
I0004035,1,0
I0004036,1,0
I0004037,1,1
I0004038,1,0
I0004039,1,0
I0004040,1,1
I0004041,1,1
I0004042,1,0
I0004043,1,0
I0004044,1,1
I0004045,1,1
I0004046,1,1
I0004047,1,1
I0004048,1,0
I0004049,1,0
I0004050,1,0
I0004051,1,0
I0004052,1,0
I0004053,1,0
I0004054,1,1
I0004055,1,1
I0004056,1,0
I0004057,1,1
I0004058,1,1
I0004059,1,0
I0004060,1,1
I0004061,1,0
I0004062,1,0
I0004063,1,1
I0004064,1,1
I0004065,1,0
I0004066,1,1
I0004067,1,0
I0004068,1,1
I0004069,1,0
I0004070,1,0
I0004071,1,0
I0004072,1,0
I0004073,1,0
I0004074,1,0
I0004075,1,0
I0004076,1,0
I0004077,1,0
I0004078,1,1
I0004079,1,0
I0004080,1,0
I0004081,1,0
I0004082,1,0
I0004083,1,1
I0004084,1,0
I0004085,1,1
I0004086,1,0
I0004087,1,1
I0004088,1,0
I0004089,1,1
I0004090,1,1
I0004091,1,0
I0004092,1,1
I0004093,1,0
I0004094,1,0
I0004095,1,1
I0004096,1,1
I0004097,1,0
I0004098,1,1
I0004099,1,1
I0004100,1,1
I0004101,1,1
I0004102,1,0
I0004103,1,0
I0004104,1,1
I0004105,1,1
I0004106,1,1
I0004107,1,1
I0004108,1,1
I0004109,1,0
I0004110,1,0
I0004111,1,1
I0004112,1,0
I0004113,1,0
I0004114,1,0
I0004115,1,1
I0004116,1,1
I0004117,1,1
I0004118,1,1
I0004119,1,1
I0004120,1,0
I0004121,1,1
I0004122,1,0
I0004123,1,0
I0004124,1,0
I0004125,1,0
I0004126,1,0
I0004127,1,0
I0004128,1,0
I0004129,1,1
I0004130,1,0
I0004131,1,1
I0004132,1,1
I0004133,1,1
I0004134,1,0
I0004135,1,0
I0004136,1,0
I0004137,1,1
I0004138,1,1
I0004139,1,0
I0004140,1,0
I0004141,1,1
I0004142,1,1
I0004143,1,1
I0004144,1,1
I0004145,1,0
I0004146,1,1
I0004147,1,0
I0004148,1,0
I0004149,1,0
I0004150,1,0
I0004151,1,0
I0004152,1,1
I0004153,1,0
I0004154,1,1
I0004155,1,0
I0004156,1,1
I0004157,1,0
I0004158,1,1
I0004159,1,1
I0004160,1,0
I0004161,1,0
I0004162,1,1
I0004163,1,0
I0004164,1,0
I0004165,1,0
I0004166,1,0
I0004167,1,0
I0004168,1,0
I0004169,1,0
I0004170,1,1
I0004171,1,0
I0004172,1,1
I0004173,1,0
I0004174,1,1
I0004175,1,0
I0004176,1,0
I0004177,1,1
I0004178,1,1
I0004179,1,1
I0004180,1,1
I0004181,1,0
I0004182,1,0
I0004183,1,0
I0004184,1,1
I0004185,1,0
I0004186,1,0
I0004187,1,1
I0004188,1,1
I0004189,1,0
I0004190,1,1
I0004191,1,0
I0004192,1,0
I0004193,1,1
I0004194,1,0
I0004195,1,0
I0004196,1,0
I0004197,1,1
I0004198,1,1
I0004199,1,1
I0004200,1,0
I0004201,1,1
I0004202,1,0
I0004203,1,0
I0004204,1,0
I0004205,1,0
I0004206,1,0
I0004207,1,1
I0004208,1,0
I0004209,1,0
I0004210,1,0
I0004211,1,0
I0004212,1,1
I0004213,1,1
I0004214,1,0
I0004215,1,0
I0004216,1,0
I0004217,1,0
I0004218,1,1
I0004219,1,0
I0004220,1,0
I0004221,1,0
I0004222,1,0
I0004223,1,0
I0004224,1,1
I0004225,1,1
I0004226,1,0
I0004227,1,0
I0004228,1,0
I0004229,1,0
I0004230,1,1
I0004231,1,1
I0004232,1,1
I0004233,1,1
I0004234,1,1
I0004235,1,0
I0004236,1,0
I0004237,1,1
I0004238,1,0
I0004239,1,0
I0004240,1,0
I0004241,1,1
I0004242,1,0
I0004243,1,0
I0004244,1,0
I0004245,1,0
I0004246,1,1
I0004247,1,0
I0004248,1,0
I0004249,1,0
I0004250,1,0
I0004251,1,1
I0004252,1,0
I0004253,1,0
I0004254,1,0
I0004255,1,0
I0004256,1,0
I0004257,1,1
I0004258,1,0
I0004259,1,0
I0004260,1,0
I0004261,1,0
I0004262,1,0
I0004263,1,1
I0004264,1,0
I0004265,1,0
I0004266,1,0
I0004267,1,1
I0004268,1,0
I0004269,1,0
I0004270,1,0
I0004271,1,0
I0004272,1,0
I0004273,1,0
I0004274,1,1
I0004275,1,1
I0004276,1,0
I0004277,1,0
I0004278,1,0
I0004279,1,1
I0004280,1,0
I0004281,1,0
I0004282,1,1
I0004283,1,1
I0004284,1,1
I0004285,1,1
I0004286,1,1
I0004287,1,1
I0004288,1,0
I0004289,1,0
I0004290,1,1
I0004291,1,0
I0004292,1,1
I0004293,1,0
I0004294,1,0
I0004295,1,1
I0004296,1,0
I0004297,1,0
I0004298,1,1
I0004299,1,1
I0004300,1,1
I0004301,1,0
I0004302,1,0
I0004303,1,0
I0004304,1,1
I0004305,1,1
I0004306,1,0
I0004307,1,0
I0004308,1,0
I0004309,1,0
I0004310,1,0
I0004311,1,1
I0004312,1,0
I0004313,1,1
I0004314,1,1
I0004315,1,1
I0004316,1,0
I0004317,1,0
I0004318,1,1
I0004319,1,0
I0004320,1,1
I0004321,1,1
I0004322,1,0
I0004323,1,0
I0004324,1,0
I0004325,1,1
I0004326,1,1
I0004327,1,1
I0004328,1,1
I0004329,1,1
I0004330,1,0
I0004331,1,0
I0004332,1,0
I0004333,1,0
I0004334,1,0
I0004335,1,0
I0004336,1,0
I0004337,1,1
I0004338,1,0
I0004339,1,1
I0004340,1,0
I0004341,1,0
I0004342,1,1
I0004343,1,1
I0004344,1,1
I0004345,1,0
I0004346,1,1
I0004347,1,1
I0004348,1,0
I0004349,1,0
I0004350,1,1
I0004351,1,1
I0004352,1,1
I0004353,1,0
I0004354,1,0
I0004355,1,1
I0004356,1,0
I0004357,1,1
I0004358,1,0
I0004359,1,1
I0004360,1,1
I0004361,1,1
I0004362,1,0
I0004363,1,0
I0004364,1,0
I0004365,1,1
I0004366,1,0
I0004367,1,0
I0004368,1,0
I0004369,1,0
I0004370,1,0
I0004371,1,1
I0004372,1,1
I0004373,1,1
I0004374,1,1
I0004375,1,1
I0004376,1,0
I0004377,1,0
I0004378,1,1
I0004379,1,0
I0004380,1,0
I0004381,1,0
I0004382,1,0
I0004383,1,0
I0004384,1,1
I0004385,1,1
I0004386,1,1
I0004387,1,0
I0004388,1,0
I0004389,1,0
I0004390,1,0
I0004391,1,0
I0004392,1,0
I0004393,1,0
I0004394,1,0
I0004395,1,1
I0004396,1,0
I0004397,1,1
I0004398,1,0
I0004399,1,0
I0004400,1,0
I0004401,1,1
I0004402,1,1
I0004403,1,1
I0004404,1,0
I0004405,1,1
I0004406,1,1
I0004407,1,0
I0004408,1,0
I0004409,1,1
I0004410,1,1
I0004411,1,0
I0004412,1,0
I0004413,1,1
I0004414,1,1
I0004415,1,0
I0004416,1,1
I0004417,1,1
I0004418,1,0
I0004419,1,0
I0004420,1,0
I0004421,1,0
I0004422,1,0
I0004423,1,0
I0004424,1,1
I0004425,1,0
I0004426,1,1
I0004427,1,1
I0004428,1,0
I0004429,1,0
I0004430,1,1
I0004431,1,0
I0004432,1,1
I0004433,1,0
I0004434,1,1
I0004435,1,1
I0004436,1,0
I0004437,1,0
I0004438,1,0
I0004439,1,0
I0004440,1,1
I0004441,1,1
I0004442,1,0
I0004443,1,0
I0004444,1,0
I0004445,1,0
I0004446,1,0
I0004447,1,0
I0004448,1,1
I0004449,1,1
I0004450,1,1
I0004451,1,1
I0004452,1,1
I0004453,1,0
I0004454,1,1
I0004455,1,1
I0004456,1,1
I0004457,1,1
I0004458,1,0
I0004459,1,0
I0004460,1,1
I0004461,1,1
I0004462,1,0
I0004463,1,1
I0004464,1,0
I0004465,1,0
I0004466,1,0
I0004467,1,1
I0004468,1,0
I0004469,1,1
I0004470,1,0
I0004471,1,0
I0004472,1,1
I0004473,1,1
I0004474,1,1
I0004475,1,0
I0004476,1,0
I0004477,1,0
I0004478,1,0
I0004479,1,1
I0004480,1,0
I0004481,1,1
I0004482,1,0
I0004483,1,0
I0004484,1,0
I0004485,1,1
I0004486,1,1
I0004487,1,1
I0004488,1,1
I0004489,1,1
I0004490,1,0
I0004491,1,1
I0004492,1,0
I0004493,1,0
I0004494,1,1
I0004495,1,1
I0004496,1,1
I0004497,1,1
I0004498,1,0
I0004499,1,0
I0004500,1,1
I0004501,1,1
I0004502,1,1
I0004503,1,0
I0004504,1,0
I0004505,1,0
I0004506,1,1
I0004507,1,0
I0004508,1,1
I0004509,1,0
I0004510,1,0
I0004511,1,1
I0004512,1,0
I0004513,1,0
I0004514,1,0
I0004515,1,0
I0004516,1,0
I0004517,1,0
I0004518,1,1
I0004519,1,1
I0004520,1,0
I0004521,1,1
I0004522,1,0
I0004523,1,0
I0004524,1,1
I0004525,1,1
I0004526,1,0
I0004527,1,1
I0004528,1,1
I0004529,1,0
I0004530,1,0
I0004531,1,1
I0004532,1,1
I0004533,1,1
I0004534,1,1
I0004535,1,1
I0004536,1,1
I0004537,1,0
I0004538,1,0
I0004539,1,0
I0004540,1,1
I0004541,1,0
I0004542,1,0
I0004543,1,0
I0004544,1,0
I0004545,1,0
I0004546,1,0
I0004547,1,0
I0004548,1,1
I0004549,1,0
I0004550,1,0
I0004551,1,0
I0004552,1,0
I0004553,1,1
I0004554,1,1
I0004555,1,0
I0004556,1,0
I0004557,1,0
I0004558,1,1
I0004559,1,1
I0004560,1,1
I0004561,1,0
I0004562,1,0
I0004563,1,0
I0004564,1,0
I0004565,1,1
I0004566,1,0
I0004567,1,1
I0004568,1,1
I0004569,1,0
I0004570,1,0
I0004571,1,0
I0004572,1,1
I0004573,1,1
I0004574,1,0
I0004575,1,1
I0004576,1,0
I0004577,1,1
I0004578,1,1
I0004579,1,1
I0004580,1,1
I0004581,1,0
I0004582,1,0
I0004583,1,0
I0004584,1,0
I0004585,1,1
I0004586,1,1
I0004587,1,1
I0004588,1,1
I0004589,1,1
I0004590,1,1
I0004591,1,1
I0004592,1,0
I0004593,1,0
I0004594,1,0
I0004595,1,1
I0004596,1,1
I0004597,1,1
I0004598,1,0
I0004599,1,1
I0004600,1,0
I0004601,1,1
I0004602,1,0
I0004603,1,1
I0004604,1,0
I0004605,1,1
I0004606,1,1
I0004607,1,1
I0004608,1,1
I0004609,1,1
I0004610,1,0
I0004611,1,0
I0004612,1,0
I0004613,1,1
I0004614,1,0
I0004615,1,0
I0004616,1,0
I0004617,1,1
I0004618,1,1
I0004619,1,0
I0004620,1,1
I0004621,1,1
I0004622,1,1
I0004623,1,1
I0004624,1,1
I0004625,1,1
I0004626,1,1
I0004627,1,1
I0004628,1,1
I0004629,1,0
I0004630,1,0
I0004631,1,0
I0004632,1,1
I0004633,1,1
I0004634,1,0
I0004635,1,0
I0004636,1,0
I0004637,1,0
I0004638,1,0
I0004639,1,1
I0004640,1,1
I0004641,1,1
I0004642,1,1
I0004643,1,1
I0004644,1,1
I0004645,1,1
I0004646,1,1
I0004647,1,0
I0004648,1,0
I0004649,1,0
I0004650,1,1
I0004651,1,0
I0004652,1,1
I0004653,1,1
I0004654,1,1
I0004655,1,0
I0004656,1,0
I0004657,1,1
I0004658,1,1
I0004659,1,1
I0004660,1,1
I0004661,1,1
I0004662,1,0
I0004663,1,0
I0004664,1,1
I0004665,1,0
I0004666,1,0
I0004667,1,0
I0004668,1,0
I0004669,1,0
I0004670,1,1
I0004671,1,1
I0004672,1,0
I0004673,1,1
I0004674,1,1
I0004675,1,0
I0004676,1,0
I0004677,1,1
I0004678,1,1
I0004679,1,1
I0004680,1,1
I0004681,1,1
I0004682,1,0
I0004683,1,0
I0004684,1,1
I0004685,1,0
I0004686,1,1
I0004687,1,0
I0004688,1,1
I0004689,1,0
I0004690,1,1
I0004691,1,0
I0004692,1,1
I0004693,1,1
I0004694,1,1
I0004695,1,0
I0004696,1,0
I0004697,1,1
I0004698,1,0
I0004699,1,1
I0004700,1,0
I0004701,1,1
I0004702,1,0
I0004703,1,0
I0004704,1,0
I0004705,1,0
I0004706,1,0
I0004707,1,0
I0004708,1,1
I0004709,1,1
I0004710,1,1
I0004711,1,1
I0004712,1,1
I0004713,1,0
I0004714,1,0
I0004715,1,0
I0004716,1,1
I0004717,1,0
I0004718,1,0
I0004719,1,0
I0004720,1,1
I0004721,1,1
I0004722,1,1
I0004723,1,1
I0004724,1,1
I0004725,1,1
I0004726,1,1
I0004727,1,0
I0004728,1,0
I0004729,1,0
I0004730,1,1
I0004731,1,1
I0004732,1,0
I0004733,1,0
I0004734,1,0
I0004735,1,0
I0004736,1,0
I0004737,1,0
I0004738,1,1
I0004739,1,0
I0004740,1,1
I0004741,1,0
I0004742,1,0
I0004743,1,1
I0004744,1,1
I0004745,1,1
I0004746,1,1
I0004747,1,1
I0004748,1,1
I0004749,1,0
I0004750,1,0
I0004751,1,1
I0004752,1,0
I0004753,1,1
I0004754,1,1
I0004755,1,0
I0004756,1,0
I0004757,1,1
I0004758,1,0
I0004759,1,1
I0004760,1,1
I0004761,1,0
I0004762,1,1
I0004763,1,0
I0004764,1,1
I0004765,1,0
I0004766,1,1
I0004767,1,0
I0004768,1,1
I0004769,1,0
I0004770,1,0
I0004771,1,1
I0004772,1,1
I0004773,1,0
I0004774,1,0
I0004775,1,0
I0004776,1,1
I0004777,1,1
I0004778,1,1
I0004779,1,1
I0004780,1,1
I0004781,1,1
I0004782,1,0
I0004783,1,0
I0004784,1,0
I0004785,1,1
I0004786,1,1
I0004787,1,1
I0004788,1,1
I0004789,1,0
I0004790,1,0
I0004791,1,0
I0004792,1,1
I0004793,1,1
I0004794,1,0
I0004795,1,0
I0004796,1,1
I0004797,1,0
I0004798,1,0
I0004799,1,0
I0004800,1,0
I0004801,1,1
I0004802,1,0
I0004803,1,1
I0004804,1,0
I0004805,1,0
I0004806,1,1
I0004807,1,1
I0004808,1,0
I0004809,1,1
I0004810,1,0
I0004811,1,0
I0004812,1,1
I0004813,1,1
I0004814,1,0
I0004815,1,0
I0004816,1,0
I0004817,1,1
I0004818,1,1
I0004819,1,0
I0004820,1,0
I0004821,1,0
I0004822,1,0
I0004823,1,0
I0004824,1,1
I0004825,1,0
I0004826,1,1
I0004827,1,0
I0004828,1,0
I0004829,1,1
I0004830,1,1
I0004831,1,1
I0004832,1,1
I0004833,1,1
I0004834,1,1
I0004835,1,1
I0004836,1,0
I0004837,1,0
I0004838,1,0
I0004839,1,0
I0004840,1,0
I0004841,1,0
I0004842,1,1
I0004843,1,1
I0004844,1,0
I0004845,1,0
I0004846,1,0
I0004847,1,0
I0004848,1,0
I0004849,1,0
I0004850,1,1
I0004851,1,0
I0004852,1,0
I0004853,1,1
I0004854,1,1
I0004855,1,1
I0004856,1,1
I0004857,1,1
I0004858,1,0
I0004859,1,1
I0004860,1,0
I0004861,1,1
I0004862,1,1
I0004863,1,1
I0004864,1,1
I0004865,1,1
I0004866,1,0
I0004867,1,0
I0004868,1,0
I0004869,1,1
I0004870,1,1
I0004871,1,0
I0004872,1,0
I0004873,1,1
I0004874,1,1
I0004875,1,0
I0004876,1,1
I0004877,1,1
I0004878,1,1
I0004879,1,1
I0004880,1,1
I0004881,1,0
I0004882,1,1
I0004883,1,1
I0004884,1,1
I0004885,1,0
I0004886,1,0
I0004887,1,0
I0004888,1,0
I0004889,1,0
I0004890,1,0
I0004891,1,1
I0004892,1,0
I0004893,1,0
I0004894,1,1
I0004895,1,1
I0004896,1,0
I0004897,1,0
I0004898,1,0
I0004899,1,1
I0004900,1,1
I0004901,1,1
I0004902,1,1
I0004903,1,0
I0004904,1,0
I0004905,1,0
I0004906,1,0
I0004907,1,0
I0004908,1,0
I0004909,1,0
I0004910,1,0
I0004911,1,0
I0004912,1,0
I0004913,1,0
I0004914,1,0
I0004915,1,0
I0004916,1,0
I0004917,1,0
I0004918,1,0
I0004919,1,1
I0004920,1,0
I0004921,1,0
I0004922,1,0
I0004923,1,0
I0004924,1,0
I0004925,1,1
I0004926,1,0
I0004927,1,0
I0004928,1,1
I0004929,1,0
I0004930,1,0
I0004931,1,0
I0004932,1,0
I0004933,1,0
I0004934,1,0
I0004935,1,0
I0004936,1,0
I0004937,1,1
I0004938,1,0
I0004939,1,1
I0004940,1,1
I0004941,1,1
I0004942,1,0
I0004943,1,0
I0004944,1,0
I0004945,1,0
I0004946,1,0
I0004947,1,0
I0004948,1,0
I0004949,1,0
I0004950,1,0
I0004951,1,0
I0004952,1,0
I0004953,1,1
I0004954,1,0
I0004955,1,0
I0004956,1,0
I0004957,1,0
I0004958,1,1
I0004959,1,1
I0004960,1,0
I0004961,1,0
I0004962,1,0
I0004963,1,0
I0004964,1,0
I0004965,1,0
I0004966,1,0
I0004967,1,0
I0004968,1,0
I0004969,1,0
I0004970,1,0
I0004971,1,0
I0004972,1,1
I0004973,1,0
I0004974,1,0
I0004975,1,0
I0004976,1,0
I0004977,1,1
I0004978,1,0
I0004979,1,1
I0004980,1,0
I0004981,1,0
I0004982,1,0
I0004983,1,0
I0004984,1,0
I0004985,1,0
I0004986,1,0
I0004987,1,0
I0004988,1,0
I0004989,1,0
I0004990,1,0
I0004991,1,1
I0004992,1,0
I0004993,1,0
I0004994,1,0
I0004995,1,1
I0004996,1,0
I0004997,1,0
I0004998,1,0
I0004999,1,0
I0005000,1,1
I0005001,1,0
I0005002,1,0
I0005003,1,0
I0005004,1,0
I0005005,1,0
I0005006,1,1
I0005007,1,0
I0005008,1,0
I0005009,1,1
I0005010,1,0
I0005011,1,0
I0005012,1,0
I0005013,1,0
I0005014,1,0
I0005015,1,0
I0005016,1,0
I0005017,1,0
I0005018,1,0
I0005019,1,0
I0005020,1,0
I0005021,1,0
I0005022,1,0
I0005023,1,0
I0005024,1,0
I0005025,1,0
I0005026,1,0
I0005027,1,0
I0005028,1,0
I0005029,1,0
I0005030,1,0
I0005031,1,0
I0005032,1,1
I0005033,1,1
I0005034,1,0
I0005035,1,0
I0005036,1,0
I0005037,1,0
I0005038,1,0
I0005039,1,0
I0005040,1,0
I0005041,1,1
I0005042,1,0
I0005043,1,0
I0005044,1,0
I0005045,1,0
I0005046,1,0
I0005047,1,0
I0005048,1,0
I0005049,1,0
I0005050,1,0
I0005051,1,0
I0005052,1,0
I0005053,1,0
I0005054,1,0
I0005055,1,0
I0005056,1,0
I0005057,1,0
I0005058,1,0
I0005059,1,1
I0005060,1,0
I0005061,1,0
I0005062,1,0
I0005063,1,1
I0005064,1,0
I0005065,1,0
I0005066,1,1
I0005067,1,0
I0005068,1,1
I0005069,1,0
I0005070,1,0
I0005071,1,0
I0005072,1,0
I0005073,1,0
I0005074,1,1
I0005075,1,0
I0005076,1,0
I0005077,1,0
I0005078,1,0
I0005079,1,0
I0005080,1,0
I0005081,1,0
I0005082,1,0
I0005083,1,0
I0005084,1,0
I0005085,1,0
I0005086,1,0
I0005087,1,0
I0005088,1,0
I0005089,1,0
I0005090,1,0
I0005091,1,0
I0005092,1,0
I0005093,1,0
I0005094,1,0
I0005095,1,0
I0005096,1,0
I0005097,1,0
I0005098,1,0
I0005099,1,1
I0005100,1,0
I0005101,1,0
I0005102,1,0
I0005103,1,0
I0005104,1,1
I0005105,1,0
I0005106,1,1
I0005107,1,1
I0005108,1,1
I0005109,1,1
I0005110,1,1
I0005111,1,1
I0005112,1,0
I0005113,1,1
I0005114,1,1
I0005115,1,1
I0005116,1,1
I0005117,1,1
I0005118,1,0
I0005119,1,0
I0005120,1,0
I0005121,1,0
I0005122,1,1
I0005123,1,0
I0005124,1,0
I0005125,1,0
I0005126,1,0
I0005127,1,0
I0005128,1,1
I0005129,1,1
I0005130,1,1
I0005131,1,0
I0005132,1,0
I0005133,1,0
I0005134,1,1
I0005135,1,0
I0005136,1,1
I0005137,1,1
I0005138,1,1
I0005139,1,0
I0005140,1,1
I0005141,1,1
I0005142,1,1
I0005143,1,0
I0005144,1,0
I0005145,1,0
I0005146,1,0
I0005147,1,0
I0005148,1,0
I0005149,1,0
I0005150,1,1
I0005151,1,1
I0005152,1,1
I0005153,1,0
I0005154,1,0
I0005155,1,0
I0005156,1,0
I0005157,1,0
I0005158,1,0
I0005159,1,1
I0005160,1,1
I0005161,1,1
I0005162,1,1
I0005163,1,0
I0005164,1,0
I0005165,1,0
I0005166,1,0
I0005167,1,1
I0005168,1,1
I0005169,1,1
I0005170,1,0
I0005171,1,1
I0005172,1,1
I0005173,1,1
I0005174,1,1
I0005175,1,1
I0005176,1,1
I0005177,1,0
I0005178,1,0
I0005179,1,1
I0005180,1,0
I0005181,1,0
I0005182,1,0
I0005183,1,0
I0005184,1,0
I0005185,1,0
I0005186,1,1
I0005187,1,1
I0005188,1,0
I0005189,1,1
I0005190,1,0
I0005191,1,1
I0005192,1,1
I0005193,1,0
I0005194,1,1
I0005195,1,0
I0005196,1,0
I0005197,1,0
I0005198,1,0
I0005199,1,0
I0005200,1,0
I0005201,1,1
I0005202,1,0
I0005203,1,0
I0005204,1,0
I0005205,1,0
I0005206,1,0
I0005207,1,0
I0005208,1,0
I0005209,1,0
I0005210,1,1
I0005211,1,1
I0005212,1,1
I0005213,1,1
I0005214,1,1
I0005215,1,0
I0005216,1,1
I0005217,1,1
I0005218,1,1
I0005219,1,0
I0005220,1,1
I0005221,1,1
I0005222,1,1
I0005223,1,1
I0005224,1,0
I0005225,1,0
I0005226,1,0
I0005227,1,1
I0005228,1,0
I0005229,1,0
I0005230,1,1
I0005231,1,1
I0005232,1,1
I0005233,1,1
I0005234,1,0
I0005235,1,1
I0005236,1,1
I0005237,1,0
I0005238,1,0
I0005239,1,0
I0005240,1,0
I0005241,1,0
I0005242,1,0
I0005243,1,0
I0005244,1,1
I0005245,1,0
I0005246,1,1
I0005247,1,1
I0005248,1,0
I0005249,1,1
I0005250,1,1
I0005251,1,1
I0005252,1,1
I0005253,1,0
I0005254,1,0
I0005255,1,1
I0005256,1,0
I0005257,1,1
I0005258,1,0
I0005259,1,0
I0005260,1,0
I0005261,1,1
I0005262,1,1
I0005263,1,0
I0005264,1,0
I0005265,1,0
I0005266,1,1
I0005267,1,0
I0005268,1,1
I0005269,1,0
I0005270,1,0
I0005271,1,1
I0005272,1,0
I0005273,1,1
I0005274,1,0
I0005275,1,0
I0005276,1,1
I0005277,1,0
I0005278,1,1
I0005279,1,1
I0005280,1,1
I0005281,1,1
I0005282,1,0
I0005283,1,0
I0005284,1,0
I0005285,1,0
I0005286,1,0
I0005287,1,0
I0005288,1,1
I0005289,1,0
I0005290,1,0
I0005291,1,0
I0005292,1,0
I0005293,1,0
I0005294,1,0
I0005295,1,0
I0005296,1,0
I0005297,1,0
I0005298,1,1
I0005299,1,0
I0005300,1,0
I0005301,1,0
I0005302,1,0
I0005303,1,0
I0005304,1,0
I0005305,1,0
I0005306,1,1
I0005307,1,1
I0005308,1,1
I0005309,1,0
I0005310,1,1
I0005311,1,1
I0005312,1,1
I0005313,1,1
I0005314,1,1
I0005315,1,0
I0005316,1,1
I0005317,1,1
I0005318,1,1
I0005319,1,1
I0005320,1,1
I0005321,1,1
I0005322,1,1
I0005323,1,1
I0005324,1,1
I0005325,1,1
I0005326,1,1
I0005327,1,1
I0005328,1,0
I0005329,1,1
I0005330,1,1
I0005331,1,1
I0005332,1,1
I0005333,1,1
I0005334,1,1
I0005335,1,1
I0005336,1,1
I0005337,1,0
I0005338,1,0
I0005339,1,1
I0005340,1,0
I0005341,1,0
I0005342,1,1
I0005343,1,0
I0005344,1,0
I0005345,1,0
I0005346,1,0
I0005347,1,1
I0005348,1,0
I0005349,1,0
I0005350,1,0
I0005351,1,1
I0005352,1,1
I0005353,1,0
I0005354,1,1
I0005355,1,1
I0005356,1,1
I0005357,1,0
I0005358,1,1
I0005359,1,0
I0005360,1,0
I0005361,1,1
I0005362,1,0
I0005363,1,1
I0005364,1,1
I0005365,1,0
I0005366,1,0
I0005367,1,0
I0005368,1,0
I0005369,1,1
I0005370,1,0
I0005371,1,0
I0005372,1,0
I0005373,1,1
I0005374,1,0
I0005375,1,1
I0005376,1,1
I0005377,1,1
I0005378,1,1
I0005379,1,0
I0005380,1,0
I0005381,1,1
I0005382,1,0
I0005383,1,0
I0005384,1,1
I0005385,1,1
I0005386,1,0
I0005387,1,1
I0005388,1,1
I0005389,1,1
I0005390,1,0
I0005391,1,0
I0005392,1,1
I0005393,1,0
I0005394,1,0
I0005395,1,1
I0005396,1,1
I0005397,1,1
I0005398,1,1
I0005399,1,1
I0005400,1,1
I0005401,1,1
I0005402,1,1
I0005403,1,1
I0005404,1,1
I0005405,1,1
I0005406,1,1
I0005407,1,1
I0005408,1,1
I0005409,1,1
I0005410,1,1
I0005411,1,1
I0005412,1,1
I0005413,1,1
I0005414,1,1
I0005415,1,0
I0005416,1,0
I0005417,1,1
I0005418,1,0
I0005419,1,0
I0005420,1,0
I0005421,1,0
I0005422,1,0
I0005423,1,0
I0005424,1,0
I0005425,1,0
I0005426,1,1
I0005427,1,0
I0005428,1,0
I0005429,1,1
I0005430,1,1
I0005431,1,1
I0005432,1,1
I0005433,1,1
I0005434,1,1
I0005435,1,1
I0005436,1,1
I0005437,1,1
I0005438,1,0
I0005439,1,0
I0005440,1,0
I0005441,1,1
I0005442,1,1
I0005443,1,1
I0005444,1,1
I0005445,1,1
I0005446,1,1
I0005447,1,0
I0005448,1,1
I0005449,1,1
I0005450,1,0
I0005451,1,1
I0005452,1,0
I0005453,1,1
I0005454,1,0
I0005455,1,1
I0005456,1,1
I0005457,1,0
I0005458,1,1
I0005459,1,1
I0005460,1,1
I0005461,1,1
I0005462,1,0
I0005463,1,0
I0005464,1,1
I0005465,1,0
I0005466,1,1
I0005467,1,1
I0005468,1,1
I0005469,1,1
I0005470,1,1
I0005471,1,0
I0005472,1,1
I0005473,1,1
I0005474,1,1
I0005475,1,1
I0005476,1,0
I0005477,1,0
I0005478,1,0
I0005479,1,0
I0005480,1,0
I0005481,1,0
I0005482,1,0
I0005483,1,0
I0005484,1,0
I0005485,1,0
I0005486,1,0
I0005487,1,0
I0005488,1,0
I0005489,1,0
I0005490,1,0
I0005491,1,0
I0005492,1,0
I0005493,1,0
I0005494,1,1
I0005495,1,0
I0005496,1,0
I0005497,1,1
I0005498,1,0
I0005499,1,0
I0005500,1,0
I0005501,1,0
I0005502,1,1
I0005503,1,1
I0005504,1,1
I0005505,1,0
I0005506,1,1
I0005507,1,1
I0005508,1,0
I0005509,1,0
I0005510,1,0
I0005511,1,1
I0005512,1,0
I0005513,1,0
I0005514,1,1
I0005515,1,1
I0005516,1,1
I0005517,1,1
I0005518,1,1
I0005519,1,1
I0005520,1,1
I0005521,1,0
I0005522,1,1
I0005523,1,1
I0005524,1,1
I0005525,1,1
I0005526,1,1
I0005527,1,1
I0005528,1,1
I0005529,1,1
I0005530,1,0
I0005531,1,0
I0005532,1,1
I0005533,1,1
I0005534,1,0
I0005535,1,1
I0005536,1,1
I0005537,1,1
I0005538,1,1
I0005539,1,0
I0005540,1,0
I0005541,1,0
I0005542,1,0
I0005543,1,0
I0005544,1,0
I0005545,1,0
I0005546,1,0
I0005547,1,0
I0005548,1,1
I0005549,1,0
I0005550,1,0
I0005551,1,0
I0005552,1,1
I0005553,1,1
I0005554,1,1
I0005555,1,1
I0005556,1,0
I0005557,1,0
I0005558,1,1
I0005559,1,1
I0005560,1,1
I0005561,1,1
I0005562,1,0
I0005563,1,0
I0005564,1,0
I0005565,1,1
I0005566,1,1
I0005567,1,0
I0005568,1,0
I0005569,1,1
I0005570,1,1
I0005571,1,1
I0005572,1,1
I0005573,1,1
I0005574,1,1
I0005575,1,0
I0005576,1,1
I0005577,1,0
I0005578,1,1
I0005579,1,0
I0005580,1,1
I0005581,1,0
I0005582,1,1
I0005583,1,0
I0005584,1,0
I0005585,1,1
I0005586,1,0
I0005587,1,0
I0005588,1,0
I0005589,1,0
I0005590,1,0
I0005591,1,0
I0005592,1,0
I0005593,1,0
I0005594,1,0
I0005595,1,0
I0005596,1,0
I0005597,1,0
I0005598,1,0
I0005599,1,0
I0005600,1,0
I0005601,1,0
I0005602,1,0
I0005603,1,0
I0005604,1,0
I0005605,1,0
I0005606,1,0
I0005607,1,0
I0005608,1,0
I0005609,1,0
I0005610,1,0
I0005611,1,0
I0005612,1,0
I0005613,1,0
I0005614,1,0
I0005615,1,0
I0005616,1,0
I0005617,1,0
I0005618,1,0
I0005619,1,0
I0005620,1,0
I0005621,1,0
I0005622,1,0
I0005623,1,0
I0005624,1,0
I0005625,1,0
I0005626,1,0
I0005627,1,1
I0005628,1,0
I0005629,1,0
I0005630,1,0
I0005631,1,0
I0005632,1,1
I0005633,1,1
I0005634,1,1
I0005635,1,1
I0005636,1,1
I0005637,1,1
I0005638,1,0
I0005639,1,0
I0005640,1,0
I0005641,1,0
I0005642,1,1
I0005643,1,1
I0005644,1,0
I0005645,1,0
I0005646,1,0
I0005647,1,1
I0005648,1,0
I0005649,1,0
I0005650,1,0
I0005651,1,0
I0005652,1,0
I0005653,1,0
I0005654,1,1
I0005655,1,0
I0005656,1,0
I0005657,1,0
I0005658,1,0
I0005659,1,0
I0005660,1,0
I0005661,1,1
I0005662,1,1
I0005663,1,1
I0005664,1,1
I0005665,1,1
I0005666,1,0
I0005667,1,0
I0005668,1,1
I0005669,1,0
I0005670,1,1
I0005671,1,1
I0005672,1,0
I0005673,1,1
I0005674,1,0
I0005675,1,0
I0005676,1,1
I0005677,1,1
I0005678,1,1
I0005679,1,1
I0005680,1,1
I0005681,1,1
I0005682,1,0
I0005683,1,1
I0005684,1,1
I0005685,1,0
I0005686,1,1
I0005687,1,0
I0005688,1,0
I0005689,1,0
I0005690,1,1
I0005691,1,0
I0005692,1,1
I0005693,1,0
I0005694,1,0
I0005695,1,0
I0005696,1,1
I0005697,1,1
I0005698,1,1
I0005699,1,1
I0005700,1,1
I0005701,1,1
I0005702,1,1
I0005703,1,0
I0005704,1,1
I0005705,1,1
I0005706,1,1
I0005707,1,0
I0005708,1,0
I0005709,1,1
I0005710,1,0
I0005711,1,1
I0005712,1,0
I0005713,1,1
I0005714,1,0
I0005715,1,1
I0005716,1,1
I0005717,1,0
I0005718,1,0
I0005719,1,1
I0005720,1,0
I0005721,1,1
I0005722,1,1
I0005723,1,1
I0005724,1,1
I0005725,1,1
I0005726,1,1
I0005727,1,1
I0005728,1,1
I0005729,1,0
I0005730,1,0
I0005731,1,0
I0005732,1,1
I0005733,1,1
I0005734,1,0
I0005735,1,0
I0005736,1,0
I0005737,1,1
I0005738,1,0
I0005739,1,1
I0005740,1,1
I0005741,1,1
I0005742,1,0
I0005743,1,1
I0005744,1,0
I0005745,1,0
I0005746,1,1
I0005747,1,0
I0005748,1,0
I0005749,1,0
I0005750,1,0
I0005751,1,0
I0005752,1,0
I0005753,1,0
I0005754,1,0
I0005755,1,0
I0005756,1,1
I0005757,1,0
I0005758,1,1
I0005759,1,0
I0005760,1,0
I0005761,1,1
I0005762,1,0
I0005763,1,1
I0005764,1,0
I0005765,1,0
I0005766,1,0
I0005767,1,0
I0005768,1,1
I0005769,1,0
I0005770,1,0
I0005771,1,0
I0005772,1,1
I0005773,1,0
I0005774,1,0
I0005775,1,1
I0005776,1,1
I0005777,1,0
I0005778,1,1
I0005779,1,1
I0005780,1,0
I0005781,1,1
I0005782,1,1
I0005783,1,1
I0005784,1,1
I0005785,1,1
I0005786,1,0
I0005787,1,1
I0005788,1,0
I0005789,1,1
I0005790,1,1
I0005791,1,0
I0005792,1,0
I0005793,1,1
I0005794,1,1
I0005795,1,1
I0005796,1,1
I0005797,1,1
I0005798,1,1
I0005799,1,1
I0005800,1,1
I0005801,1,1
I0005802,1,1
I0005803,1,1
I0005804,1,0
I0005805,1,1
I0005806,1,1
I0005807,1,0
I0005808,1,0
I0005809,1,1
I0005810,1,0
I0005811,1,1
I0005812,1,0
I0005813,1,1
I0005814,1,0
I0005815,1,1
I0005816,1,0
I0005817,1,0
I0005818,1,0
I0005819,1,1
I0005820,1,0
I0005821,1,0
I0005822,1,1
I0005823,1,1
I0005824,1,0
I0005825,1,0
I0005826,1,1
I0005827,1,1
I0005828,1,1
I0005829,1,1
I0005830,1,1
I0005831,1,0
I0005832,1,1
I0005833,1,0
I0005834,1,1
I0005835,1,0
I0005836,1,1
I0005837,1,1
I0005838,1,1
I0005839,1,1
I0005840,1,1
I0005841,1,1
I0005842,1,0
I0005843,1,0
I0005844,1,1
I0005845,1,0
I0005846,1,0
I0005847,1,0
I0005848,1,1
I0005849,1,0
I0005850,1,0
I0005851,1,0
I0005852,1,0
I0005853,1,0
I0005854,1,0
I0005855,1,0
I0005856,1,0
I0005857,1,0
I0005858,1,0
I0005859,1,1
I0005860,1,1
I0005861,1,1
I0005862,1,0
I0005863,1,1
I0005864,1,1
I0005865,1,1
I0005866,1,1
I0005867,1,1
I0005868,1,0
I0005869,1,0
I0005870,1,0
I0005871,1,1
I0005872,1,1
I0005873,1,1
I0005874,1,1
I0005875,1,1
I0005876,1,1
I0005877,1,1
I0005878,1,1
I0005879,1,0
I0005880,1,1
I0005881,1,1
I0005882,1,1
I0005883,1,1
I0005884,1,1
I0005885,1,1
I0005886,1,1
I0005887,1,1
I0005888,1,1
I0005889,1,1
I0005890,1,1
I0005891,1,1
I0005892,1,1
I0005893,1,1
I0005894,1,1
I0005895,1,1
I0005896,1,1
I0005897,1,1
I0005898,1,1
I0005899,1,1
I0005900,1,1
I0005901,1,1
I0005902,1,1
I0005903,1,1
I0005904,1,1
I0005905,1,1
I0005906,1,1
I0005907,1,1
I0005908,1,1
I0005909,1,1
I0005910,1,1
I0005911,1,1
I0005912,1,1
I0005913,1,1
I0005914,1,1
I0005915,1,1
I0005916,1,1
I0005917,1,1
I0005918,1,1
I0005919,1,1
I0005920,1,0
I0005921,1,1
I0005922,1,1
I0005923,1,1
I0005924,1,0
I0005925,1,1
I0005926,1,1
I0005927,1,1
I0005928,1,1
I0005929,1,1
I0005930,1,1
I0005931,1,1
I0005932,1,1
I0005933,1,0
I0005934,1,0
I0005935,1,1
I0005936,1,1
I0005937,1,1
I0005938,1,1
I0005939,1,1
I0005940,1,1
I0005941,1,1
I0005942,1,1
I0005943,1,0
I0005944,1,1
I0005945,1,0
I0005946,1,1
I0005947,1,1
I0005948,1,1
I0005949,1,1
I0005950,1,0
I0005951,1,1
I0005952,1,1
I0005953,1,0
I0005954,1,1
I0005955,1,0
I0005956,1,0
I0005957,1,1
I0005958,1,1
I0005959,1,0
I0005960,1,0
I0005961,1,0
I0005962,1,1
I0005963,1,1
I0005964,1,1
I0005965,1,1
I0005966,1,1
I0005967,1,0
I0005968,1,1
I0005969,1,1
I0005970,1,1
I0005971,1,1
I0005972,1,0
I0005973,1,1
I0005974,1,1
I0005975,1,1
I0005976,1,1
I0005977,1,1
I0005978,1,1
I0005979,1,1
I0005980,1,1
I0005981,1,1
I0005982,1,1
I0005983,1,0
I0005984,1,1
I0005985,1,1
I0005986,1,0
I0005987,1,0
I0005988,1,1
I0005989,1,1
I0005990,1,1
I0005991,1,1
I0005992,1,1
I0005993,1,1
I0005994,1,0
I0005995,1,1
I0005996,1,1
I0005997,1,1
I0005998,1,1
I0005999,1,0
I0006000,1,1
I0006001,1,1
I0006002,1,1
I0006003,1,1
I0006004,1,1
I0006005,1,1
I0006006,1,0
I0006007,1,1
I0006008,1,1
I0006009,1,1
I0006010,1,1
I0006011,1,0
I0006012,1,1
I0006013,1,1
I0006014,1,1
I0006015,1,1
I0006016,1,1
I0006017,1,1
I0006018,1,0
I0006019,1,1
I0006020,1,0
I0006021,1,0
I0006022,1,0
I0006023,1,0
I0006024,1,1
I0006025,1,0
I0006026,1,0
I0006027,1,0
I0006028,1,0
I0006029,1,0
I0006030,1,1
I0006031,1,0
I0006032,1,0
I0006033,1,1
I0006034,1,0
I0006035,1,0
I0006036,1,1
I0006037,1,1
I0006038,1,0
I0006039,1,0
I0006040,1,0
I0006041,1,0
I0006042,1,0
I0006043,1,1
I0006044,1,1
I0006045,1,0
I0006046,1,0
I0006047,1,0
I0006048,1,0
I0006049,1,0
I0006050,1,0
I0006051,1,0
I0006052,1,0
I0006053,1,0
I0006054,1,0
I0006055,1,0
I0006056,1,0
I0006057,1,0
I0006058,1,0
I0006059,1,1
I0006060,1,1
I0006061,1,1
I0006062,1,1
I0006063,1,1
I0006064,1,0
I0006065,1,1
I0006066,1,1
I0006067,1,1
I0006068,1,1
I0006069,1,1
I0006070,1,0
I0006071,1,0
I0006072,1,0
I0006073,1,0
I0006074,1,0
I0006075,1,0
I0006076,1,1
I0006077,1,1
I0006078,1,1
I0006079,1,1
I0006080,1,1
I0006081,1,1
I0006082,1,1
I0006083,1,1
I0006084,1,1
I0006085,1,1
I0006086,1,1
I0006087,1,1
I0006088,1,1
I0006089,1,0
I0006090,1,0
I0006091,1,0
I0006092,1,0
I0006093,1,0
I0006094,1,0
I0006095,1,0
I0006096,1,0
I0006097,1,1
I0006098,1,1
I0006099,1,1
I0006100,1,1
I0006101,1,1
I0006102,1,1
I0006103,1,0
I0006104,1,1
I0006105,1,1
I0006106,1,1
I0006107,1,0
I0006108,1,0
I0006109,1,0
I0006110,1,1
I0006111,1,0
I0006112,1,0
I0006113,1,0
I0006114,1,0
I0006115,1,0
I0006116,1,0
I0006117,1,0
I0006118,1,0
I0006119,1,0
I0006120,1,0
I0006121,1,0
I0006122,1,0
I0006123,1,0
I0006124,1,0
I0006125,1,0
I0006126,1,0
I0006127,1,0
I0006128,1,0
I0006129,1,0
I0006130,1,0
I0006131,1,0
I0006132,1,0
I0006133,1,1
I0006134,1,0
I0006135,1,1
I0006136,1,1
I0006137,1,1
I0006138,1,1
I0006139,1,0
I0006140,1,1
I0006141,1,1
I0006142,1,1
I0006143,1,1
I0006144,1,1
I0006145,1,1
I0006146,1,1
I0006147,1,1
I0006148,1,1
I0006149,1,1
I0006150,1,0
I0006151,1,1
I0006152,1,1
I0006153,1,0
I0006154,1,1
I0006155,1,1
I0006156,1,0
I0006157,1,1
I0006158,1,0
I0006159,1,1
I0006160,1,1
I0006161,1,1
I0006162,1,1
I0006163,1,0
I0006164,1,0
I0006165,1,1
I0006166,1,1
I0006167,1,1
I0006168,1,1
I0006169,1,0
I0006170,1,0
I0006171,1,0
I0006172,1,0
I0006173,1,0
I0006174,1,0
I0006175,1,1
I0006176,1,0
I0006177,1,1
I0006178,1,1
I0006179,1,0
I0006180,1,1
I0006181,1,1
I0006182,1,1
I0006183,1,0
I0006184,1,1
I0006185,1,1
I0006186,1,1
I0006187,1,1
I0006188,1,1
I0006189,1,1
I0006190,1,1
I0006191,1,1
I0006192,1,1
I0006193,1,0
I0006194,1,0
I0006195,1,0
I0006196,1,1
I0006197,1,0
I0006198,1,1
I0006199,1,1
I0006200,1,1
I0006201,1,1
I0006202,1,1
I0006203,1,1
I0006204,1,1
I0006205,1,1
I0006206,1,1
I0006207,1,0
I0006208,1,1
I0006209,1,0
I0006210,1,1
I0006211,1,0
I0006212,1,1
I0006213,1,0
I0006214,1,1
I0006215,1,0
I0006216,1,0
I0006217,1,1
I0006218,1,1
I0006219,1,1
I0006220,1,1
I0006221,1,0
I0006222,1,1
I0006223,1,1
I0006224,1,0
I0006225,1,1
I0006226,1,1
I0006227,1,1
I0006228,1,0
I0006229,1,1
I0006230,1,1
I0006231,1,1
I0006232,1,1
I0006233,1,0
I0006234,1,1
I0006235,1,1
I0006236,1,1
I0006237,1,1
I0006238,1,1
I0006239,1,1
I0006240,1,1
I0006241,1,1
I0006242,1,1
I0006243,1,1
I0006244,1,0
I0006245,1,1
I0006246,1,0
I0006247,1,1
I0006248,1,1
I0006249,1,1
I0006250,1,0
I0006251,1,0
I0006252,1,1
I0006253,1,1
I0006254,1,0
I0006255,1,1
I0006256,1,0
I0006257,1,0
I0006258,1,1
I0006259,1,1
I0006260,1,0
I0006261,1,0
I0006262,1,1
I0006263,1,0
I0006264,1,1
I0006265,1,1
I0006266,1,1
I0006267,1,0
I0006268,1,0
I0006269,1,1
I0006270,1,0
I0006271,1,0
I0006272,1,0
I0006273,1,1
I0006274,1,0
I0006275,1,1
I0006276,1,0
I0006277,1,1
I0006278,1,0
I0006279,1,1
I0006280,1,1
I0006281,1,1
I0006282,1,0
I0006283,1,1
I0006284,1,1
I0006285,1,1
I0006286,1,1
I0006287,1,0
I0006288,1,1
I0006289,1,1
I0006290,1,0
I0006291,1,0
I0006292,1,1
I0006293,1,1
I0006294,1,1
I0006295,1,1
I0006296,1,0
I0006297,1,0
I0006298,1,1
I0006299,1,1
I0006300,1,0
I0006301,1,1
I0006302,1,1
I0006303,1,0
I0006304,1,1
I0006305,1,1
I0006306,1,1
I0006307,1,1
I0006308,1,1
I0006309,1,0
I0006310,1,1
I0006311,1,0
I0006312,1,1
I0006313,1,0
I0006314,1,1
I0006315,1,1
I0006316,1,0
I0006317,1,0
I0006318,1,0
I0006319,1,1
I0006320,1,0
I0006321,1,1
I0006322,1,1
I0006323,1,1
I0006324,1,1
I0006325,1,1
I0006326,1,1
I0006327,1,1
I0006328,1,1
I0006329,1,0
I0006330,1,0
I0006331,1,0
I0006332,1,0
I0006333,1,0
I0006334,1,0
I0006335,1,0
I0006336,1,0
I0006337,1,1
I0006338,1,1
I0006339,1,1
I0006340,1,1
I0006341,1,1
I0006342,1,1
I0006343,1,1
I0006344,1,1
I0006345,1,1
I0006346,1,1
I0006347,1,1
I0006348,1,1
I0006349,1,1
I0006350,1,1
I0006351,1,1
I0006352,1,1
I0006353,1,1
I0006354,1,1
I0006355,1,1
I0006356,1,1
I0006357,1,1
I0006358,1,1
I0006359,1,1
I0006360,1,1
I0006361,1,1
I0006362,1,1
I0006363,1,1
I0006364,1,1
I0006365,1,0
I0006366,1,1
I0006367,1,1
I0006368,1,1
I0006369,1,1
I0006370,1,0
I0006371,1,0
I0006372,1,0
I0006373,1,1
I0006374,1,0
I0006375,1,0
I0006376,1,0
I0006377,1,0
I0006378,1,1
I0006379,1,0
I0006380,1,1
I0006381,1,0
I0006382,1,1
I0006383,1,0
I0006384,1,0
I0006385,1,1
I0006386,1,1
I0006387,1,1
I0006388,1,0
I0006389,1,0
I0006390,1,0
I0006391,1,0
I0006392,1,1
I0006393,1,1
I0006394,1,1
I0006395,1,1
I0006396,1,1
I0006397,1,0
I0006398,1,0
I0006399,1,0
I0006400,1,0
I0006401,1,0
I0006402,1,0
I0006403,1,1
I0006404,1,1
I0006405,1,1
I0006406,1,1
I0006407,1,1
I0006408,1,1
I0006409,1,1
I0006410,1,1
I0006411,1,1
I0006412,1,0
I0006413,1,0
I0006414,1,1
I0006415,1,1
I0006416,1,0
I0006417,1,1
I0006418,1,0
I0006419,1,1
I0006420,1,0
I0006421,1,0
I0006422,1,1
I0006423,1,1
I0006424,1,1
I0006425,1,1
I0006426,1,1
I0006427,1,0
I0006428,1,1
I0006429,1,0
I0006430,1,1
I0006431,1,1
I0006432,1,1
I0006433,1,0
I0006434,1,0
I0006435,1,1
I0006436,1,1
I0006437,1,1
I0006438,1,1
I0006439,1,1
I0006440,1,1
I0006441,1,0
I0006442,1,1
I0006443,1,0
I0006444,1,1
I0006445,1,1
I0006446,1,1
I0006447,1,1
I0006448,1,1
I0006449,1,1
I0006450,1,1
I0006451,1,1
I0006452,1,0
I0006453,1,1
I0006454,1,1
I0006455,1,1
I0006456,1,0
I0006457,1,1
I0006458,1,1
I0006459,1,1
I0006460,1,1
I0006461,1,1
I0006462,1,0
I0006463,1,0
I0006464,1,1
I0006465,1,1
I0006466,1,1
I0006467,1,1
I0006468,1,1
I0006469,1,1
I0006470,1,1
I0006471,1,1
I0006472,1,0
I0006473,1,1
I0006474,1,1
I0006475,1,1
I0006476,1,0
I0006477,1,0
I0006478,1,1
I0006479,1,0
I0006480,1,1
I0006481,1,0
I0006482,1,1
I0006483,1,1
I0006484,1,1
I0006485,1,0
I0006486,1,1
I0006487,1,0
I0006488,1,1
I0006489,1,0
I0006490,1,0
I0006491,1,1
I0006492,1,0
I0006493,1,0
I0006494,1,0
I0006495,1,0
I0006496,1,1
I0006497,1,0
I0006498,1,1
I0006499,1,0
I0006500,1,0
I0006501,1,0
I0006502,1,0
I0006503,1,0
I0006504,1,0
I0006505,1,0
I0006506,1,0
I0006507,1,1
I0006508,1,1
I0006509,1,1
I0006510,1,1
I0006511,1,0
I0006512,1,1
I0006513,1,1
I0006514,1,0
I0006515,1,1
I0006516,1,0
I0006517,1,0
I0006518,1,0
I0006519,1,0
I0006520,1,1
I0006521,1,1
I0006522,1,0
I0006523,1,1
I0006524,1,0
I0006525,1,1
I0006526,1,1
I0006527,1,0
I0006528,1,1
I0006529,1,0
I0006530,1,1
I0006531,1,0
I0006532,1,1
I0006533,1,1
I0006534,1,1
I0006535,1,1
I0006536,1,1
I0006537,1,0
I0006538,1,0
I0006539,1,0
I0006540,1,0
I0006541,1,1
I0006542,1,1
I0006543,1,1
I0006544,1,1
I0006545,1,1
I0006546,1,1
I0006547,1,1
I0006548,1,1
I0006549,1,1
I0006550,1,1
I0006551,1,1
I0006552,1,1
I0006553,1,1
I0006554,1,1
